flag_id,prompt_id,category,severity,flagged_at
1,8,harmful,3,2025-07-24 02:39:00
2,11,harmful,2,2025-12-01 16:21:00
3,15,off_topic,1,2025-02-28 19:53:00
4,29,off_topic,2,2025-04-23 08:11:00
5,38,pii,3,2025-01-02 09:19:00
6,47,harmful,1,2025-03-30 11:26:00
7,49,spam,3,2025-06-10 13:48:00
8,50,harmful,2,2025-02-14 18:00:00
9,51,off_topic,1,2027-04-05 00:00:00
10,53,harmful,2,2025-12-12 08:56:00
11,65,spam,1,2027-02-20 00:00:00
12,79,spam,3,2025-03-14 20:14:00
13,91,off_topic,2,2025-11-08 21:43:00
14,97,off_topic,2,2025-04-29 08:28:00
15,113,off_topic,1,2025-08-31 06:55:00
16,117,off_topic,2,2025-05-08 13:00:00
17,137,pii,1,2025-03-02 01:09:00
18,138,off_topic,2,2025-04-23 10:51:00
19,149,pii,2,2025-08-28 00:23:00
20,152,pii,3,2025-02-09 12:17:00
21,154,off_topic,2,2025-01-15 23:36:00
22,160,spam,1,2025-10-18 10:26:00
23,168,pii,1,2025-12-20 21:54:00
24,176,off_topic,2,2025-06-26 01:23:00
25,181,off_topic,2,2025-08-31 02:16:00
26,189,pii,2,2025-08-02 16:33:00
27,194,harmful,2,2025-02-10 20:01:00
28,200,pii,3,2025-06-02 02:27:00
29,211,pii,3,2026-01-01 23:05:00
30,213,harmful,3,2025-07-03 21:10:00
31,214,pii,2,2025-01-17 15:25:00
32,216,harmful,3,2025-11-19 04:37:00
33,217,off_topic,2,2025-11-16 06:05:00
34,218,pii,2,2025-12-10 05:10:00
35,222,pii,1,2025-08-25 11:24:00
36,226,spam,1,2025-05-30 10:30:00
37,243,off_topic,1,2025-10-05 23:10:00
38,248,harmful,1,2025-02-24 22:26:00
39,250,pii,1,2025-03-02 02:38:00
40,255,harmful,2,2025-03-16 20:45:00
41,258,spam,2,2025-06-28 19:28:00
42,265,off_topic,2,2025-11-06 08:48:00
43,266,off_topic,2,2025-05-26 23:47:00
44,279,spam,3,2025-08-05 12:10:00
45,282,pii,1,2025-01-13 00:11:00
46,287,off_topic,3,2025-12-06 14:05:00
47,289,spam,3,2025-08-11 21:00:00
48,291,harmful,1,2025-11-02 11:33:00
49,296,spam,2,2025-09-20 02:29:00
50,302,pii,2,2025-01-03 15:23:00
51,308,pii,1,2025-02-16 08:44:00
52,316,pii,2,2025-08-27 14:26:00
53,322,harmful,3,2025-08-17 21:28:00
54,323,harmful,3,2025-12-13 17:21:00
55,328,harmful,1,2025-08-18 00:54:00
56,329,harmful,2,2025-06-05 07:25:00
57,344,spam,1,2025-09-09 08:28:00
58,352,off_topic,3,2025-02-22 13:43:00
59,360,off_topic,1,2025-09-06 06:43:00
60,361,harmful,1,2025-02-26 10:01:00
61,383,pii,2,2025-08-29 10:31:00
62,389,harmful,3,2025-04-06 00:40:00
63,394,off_topic,2,2025-02-27 02:37:00
64,398,off_topic,3,2025-11-16 08:13:00
65,399,spam,3,2025-06-23 12:26:00
66,405,off_topic,2,2025-02-09 18:36:00
67,410,spam,2,2025-01-21 02:22:00
68,412,spam,3,2025-10-02 17:02:00
69,413,off_topic,2,2025-09-02 07:46:00
70,416,off_topic,1,2025-01-16 02:18:00
71,417,off_topic,2,2025-11-05 08:28:00
72,422,off_topic,3,2025-09-16 00:07:00
73,429,pii,3,2025-05-10 04:32:00
74,435,harmful,3,2025-05-20 06:47:00
75,441,harmful,2,2025-11-11 10:29:00
76,444,spam,2,2025-11-07 23:08:00
77,448,off_topic,3,2025-04-28 00:54:00
78,454,spam,3,2025-07-23 01:20:00
79,466,pii,2,2025-12-07 10:33:00
80,481,spam,2,2025-03-03 01:43:00
81,491,pii,1,2025-07-15 04:16:00
82,497,harmful,1,2025-10-16 02:28:00
83,498,off_topic,1,2025-06-07 11:03:00
84,528,harmful,1,2025-07-12 17:48:00
85,541,spam,2,2025-10-30 09:13:00
86,542,pii,2,2025-04-11 07:17:00
87,554,harmful,2,2025-05-17 10:30:00
88,557,pii,2,2025-10-21 17:44:00
89,566,off_topic,1,2025-12-15 17:40:00
90,568,pii,2,2025-06-09 10:31:00
91,569,harmful,1,2025-03-03 11:46:00
92,575,pii,2,2025-02-10 14:30:00
93,582,spam,2,2025-04-10 17:10:00
94,585,pii,1,2025-04-08 03:17:00
95,587,off_topic,2,2025-06-12 17:23:00
96,592,off_topic,2,2025-01-13 07:44:00
97,593,spam,2,2025-01-26 23:25:00
98,595,off_topic,1,2025-11-17 05:28:00
99,601,off_topic,3,2025-12-28 07:21:00
100,639,harmful,2,2025-02-27 20:08:00
101,643,off_topic,2,2025-12-15 14:12:00
102,646,pii,2,2025-02-01 16:45:00
103,649,off_topic,1,2025-05-13 11:18:00
104,655,spam,3,2025-02-10 05:05:00
105,662,spam,2,2025-04-25 02:33:00
106,665,pii,2,2025-11-21 22:05:00
107,667,harmful,1,2025-10-25 05:00:00
108,668,pii,3,2025-03-10 01:00:00
109,670,pii,3,2025-03-04 14:33:00
110,673,harmful,1,2025-02-16 16:16:00
110,673,harmful,1,2025-02-16 16:16:00
111,675,spam,3,2025-07-03 21:18:00
112,678,off_topic,1,2025-10-05 05:59:00
113,683,off_topic,3,2025-10-02 18:11:00
114,685,harmful,3,2025-05-12 12:26:00
115,701,pii,1,2025-12-19 17:19:00
116,708,spam,3,2025-11-12 13:46:00
117,716,pii,3,2025-05-08 12:32:00
118,720,pii,1,2025-04-12 18:58:00
119,721,pii,3,2025-12-21 23:07:00
120,749,pii,3,2025-03-10 15:26:00
121,755,pii,1,2025-04-06 11:37:00
122,756,harmful,2,2025-02-06 16:11:00
123,763,spam,2,2025-02-07 19:42:00
124,773,pii,1,2025-02-20 21:53:00
125,777,harmful,3,2025-04-02 13:46:00
126,783,off_topic,2,2025-02-09 23:58:00
127,785,pii,2,2025-01-10 07:47:00
128,794,harmful,1,2025-05-30 18:34:00
129,798,spam,1,2025-08-14 16:44:00
130,812,pii,2,2025-11-02 21:29:00
131,816,harmful,1,2025-10-21 18:07:00
132,822,spam,3,2025-06-28 16:05:00
133,824,off_topic,3,2025-01-09 11:20:00
134,841,pii,1,2025-06-08 13:26:00
135,855,harmful,3,2025-11-08 17:05:00
136,859,off_topic,3,2025-12-17 00:53:00
137,864,spam,1,2025-08-24 15:57:00
138,865,off_topic,1,2025-08-23 02:44:00
139,873,harmful,2,2025-04-14 13:25:00
140,878,off_topic,1,2025-08-25 00:24:00
141,883,off_topic,3,2025-11-16 02:15:00
142,888,harmful,3,2025-10-13 09:43:00
143,892,spam,2,2025-05-04 03:26:00
144,906,off_topic,3,2025-05-31 12:31:00
145,908,spam,3,2025-03-13 17:41:00
146,918,pii,3,2025-06-15 16:37:00
147,929,off_topic,2,2025-04-19 19:08:00
148,937,spam,3,2025-04-17 09:38:00
149,949,off_topic,3,2025-02-12 09:11:00
150,951,spam,1,2025-12-06 09:09:00
151,957,harmful,3,2025-06-11 20:50:00
152,963,off_topic,2,2025-12-02 13:14:00
153,965,off_topic,3,2025-09-30 20:06:00
154,967,off_topic,2,2025-02-18 02:45:00
155,968,off_topic,3,2025-08-27 10:39:00
156,970,pii,2,2025-06-25 21:47:00
157,971,off_topic,1,2025-10-23 20:05:00
158,975,spam,1,2025-05-19 21:10:00
159,977,spam,1,2025-05-06 01:15:00
160,982,harmful,3,2025-08-12 23:13:00
161,986,harmful,3,2025-03-30 17:24:00
162,987,harmful,3,2025-10-30 05:03:00
163,989,pii,1,2025-11-30 07:42:00
164,995,harmful,2,2025-11-11 10:57:00
165,998,pii,3,2025-05-20 11:56:00
166,1019,pii,1,2025-10-27 07:47:00
167,1020,spam,1,2025-12-29 01:36:00
168,1041,pii,3,2025-08-17 20:21:00
169,1044,pii,3,2025-12-19 17:58:00
170,1060,pii,1,2025-11-26 18:00:00
171,1061,off_topic,1,2025-06-12 06:49:00
172,1090,spam,2,2025-09-19 13:32:00
173,1101,pii,2,2025-05-18 22:45:00
174,1108,harmful,2,2025-09-18 18:24:00
175,1109,spam,1,2025-06-10 16:49:00
176,1115,off_topic,2,2025-06-26 21:13:00
177,1123,pii,1,2027-04-01 00:00:00
178,1124,harmful,1,2025-06-06 08:27:00
179,1140,pii,1,2025-09-30 00:17:00
180,1141,harmful,2,2025-04-15 21:25:00
181,1166,pii,1,2025-08-01 00:12:00
182,1168,harmful,3,2025-06-24 02:13:00
183,1180,harmful,1,2027-03-26 00:00:00
184,1187,pii,2,2027-03-12 00:00:00
185,1195,spam,1,2025-07-12 22:06:00
186,1201,harmful,3,2025-03-29 03:03:00
187,1205,harmful,3,2025-10-06 19:08:00
188,1210,spam,1,2025-01-07 10:20:00
189,1212,spam,3,2025-11-07 09:15:00
190,1217,off_topic,3,2025-09-09 23:57:00
191,1234,pii,2,2025-01-12 20:48:00
192,1241,harmful,2,2025-07-08 15:15:00
193,1248,pii,3,2025-01-08 02:38:00
194,1255,harmful,3,2025-07-03 18:43:00
195,1268,pii,1,2025-12-10 17:45:00
196,1277,off_topic,1,2025-02-05 22:53:00
197,1278,off_topic,2,2025-02-13 18:01:00
198,1282,harmful,1,2025-05-26 14:00:00
199,1285,harmful,3,2025-10-05 18:57:00
200,1286,pii,2,2025-04-18 01:50:00
201,1288,spam,1,2025-02-23 22:04:00
202,1289,off_topic,1,2025-08-18 02:45:00
202,1289,off_topic,1,2025-08-18 02:45:00
203,1305,spam,1,2025-11-14 16:33:00
204,1315,harmful,3,2025-10-13 04:59:00
205,1320,off_topic,1,2025-11-28 23:47:00
206,1323,pii,2,2025-07-26 08:22:00
207,1329,off_topic,2,2025-12-11 05:03:00
208,1334,pii,3,2025-06-02 23:40:00
209,1340,harmful,2,2025-03-29 10:33:00
210,1344,off_topic,1,2025-09-06 00:00:00
211,1347,off_topic,3,2025-09-12 21:19:00
212,1352,spam,1,2025-12-09 18:20:00
213,1353,pii,1,2027-02-23 00:00:00
214,1354,harmful,2,2025-08-05 19:16:00
215,1361,spam,2,2025-02-19 01:09:00
216,1374,spam,1,2025-07-01 17:54:00
217,1378,harmful,3,2025-10-22 09:00:00
218,1384,harmful,1,2025-10-17 08:58:00
219,1386,harmful,1,2025-01-06 09:15:00
220,1388,spam,3,2025-07-21 17:05:00
221,1390,spam,2,2025-04-24 22:32:00
222,1396,off_topic,3,2025-10-07 18:04:00
223,1399,spam,2,2025-01-10 09:55:00
224,1401,pii,1,2025-04-21 16:50:00
225,1421,off_topic,1,2025-05-29 20:06:00
226,1422,spam,2,2025-12-19 14:37:00
227,1428,off_topic,2,2025-09-20 19:31:00
228,1445,harmful,3,2025-04-10 15:55:00
229,1447,spam,1,2025-08-20 21:21:00
230,1451,spam,2,2025-07-20 11:27:00
231,1455,off_topic,2,2025-02-28 04:20:00
232,1463,pii,3,2025-10-05 10:09:00
233,1467,off_topic,1,2025-02-06 22:11:00
234,1473,spam,2,2025-01-19 08:06:00
235,1479,harmful,1,2025-05-06 15:41:00
236,1494,harmful,1,2025-05-12 01:58:00
237,1496,off_topic,2,2025-09-27 06:50:00
238,1497,pii,3,2025-11-09 10:47:00
239,1499,pii,2,2025-08-29 08:16:00
240,1512,off_topic,2,2025-08-09 01:55:00
241,1517,harmful,1,2025-04-10 08:29:00
242,1527,spam,1,2025-06-07 15:18:00
243,1533,spam,3,2025-10-11 11:55:00
244,1540,off_topic,1,2025-03-28 23:46:00
245,1549,spam,1,2025-11-22 19:52:00
246,1561,off_topic,3,2025-08-10 15:20:00
247,1565,off_topic,3,2025-09-07 13:01:00
248,1569,pii,1,2025-05-09 08:37:00
249,1573,harmful,1,2025-01-01 12:08:00
250,1587,spam,1,2025-04-03 17:28:00
251,1590,pii,2,2025-10-31 20:17:00
252,1606,off_topic,3,2025-08-11 09:26:00
253,1607,spam,1,2025-02-16 04:59:00
254,1614,pii,2,2025-07-10 15:11:00
255,1616,off_topic,3,2025-04-24 19:37:00
256,1625,pii,3,2025-10-07 20:07:00
257,1636,harmful,3,2025-03-09 10:13:00
258,1642,pii,2,2025-11-28 02:32:00
259,1645,harmful,3,2025-02-14 15:04:00
259,1645,harmful,3,2025-02-14 15:04:00
260,1654,spam,3,2025-10-13 17:58:00
261,1664,off_topic,1,2025-11-16 10:00:00
262,1675,spam,2,2027-03-02 00:00:00
263,1687,spam,1,2025-03-01 20:15:00
264,1689,off_topic,1,2025-12-14 12:58:00
265,1699,harmful,3,2025-12-30 03:29:00
266,1703,harmful,1,2025-05-10 09:19:00
267,1708,off_topic,3,2025-06-24 03:58:00
268,1712,harmful,3,2025-09-30 19:21:00
269,1717,spam,3,2025-08-05 08:05:00
270,1720,harmful,2,2025-06-08 04:51:00
271,1723,harmful,2,2025-06-12 07:43:00
272,1733,pii,1,2025-10-23 11:30:00
273,1735,harmful,2,2025-02-23 08:44:00
274,1744,off_topic,1,2025-06-03 20:31:00
275,1754,pii,1,2025-05-29 20:05:00
276,1769,off_topic,3,2025-09-27 17:08:00
277,1773,off_topic,1,2025-12-31 04:44:00
278,1776,pii,3,2025-07-31 19:06:00
279,1777,spam,2,2025-11-19 22:24:00
280,1779,harmful,1,2025-03-27 03:45:00
281,1781,harmful,2,2025-02-10 08:11:00
282,1798,pii,2,2025-06-14 15:47:00
283,1821,spam,2,2025-03-28 08:38:00
284,1825,pii,2,2025-03-28 09:12:00
285,1831,pii,2,2027-01-06 00:00:00
286,1832,off_topic,2,2025-03-13 15:52:00
287,1833,harmful,3,2025-05-27 08:50:00
288,1836,pii,2,2025-06-26 20:38:00
289,1837,harmful,1,2025-01-11 19:20:00
290,1841,harmful,1,2025-11-17 21:34:00
291,1847,harmful,1,2025-10-09 18:23:00
292,1853,harmful,3,2025-03-05 09:32:00
293,1859,off_topic,1,2025-07-20 08:42:00
294,1864,harmful,1,2025-01-24 04:33:00
295,1867,spam,1,2025-08-10 22:21:00
296,1871,harmful,1,2025-09-09 00:58:00
297,1879,pii,2,2025-02-12 12:12:00
298,1885,spam,3,2025-09-14 05:19:00
299,1890,off_topic,1,2025-07-14 11:49:00
300,1913,pii,1,2025-10-24 17:29:00
301,1914,spam,3,2027-02-08 00:00:00
302,1919,pii,2,2025-02-02 01:21:00
303,1931,off_topic,1,2025-03-26 03:05:00
304,1940,harmful,3,2025-06-22 09:06:00
305,1942,spam,2,2025-10-24 07:16:00
306,1954,spam,3,2025-07-26 22:32:00
307,1982,off_topic,1,2025-04-04 15:22:00
308,1988,off_topic,1,2025-06-17 13:42:00
309,1989,spam,2,2025-05-01 13:38:00
310,1997,spam,3,2025-12-30 03:54:00
