prompt_id,user_id,created_at,topic
1,164,2025-03-23 01:39:00,homework
2,63,2025-06-12 12:53:00,coding
3,174,2025-03-05 07:21:00,news
4,8,2025-03-10 05:26:00,coding
5,155,2025-01-20 07:44:00,news
6,167,2025-11-02 11:38:00,coding
7,72,2025-01-05 17:34:00,coding
8,88,2025-07-22 08:09:00,coding
9,196,2025-09-03 02:24:00,homework
10,25,2025-09-19 09:37:00,health
11,12,2025-12-01 13:01:00,news
12,97,2025-02-27 09:07:00,news
13,161,2025-09-21 08:01:00,news
14,18,2025-02-03 08:50:00,shopping
15,75,2025-02-28 02:27:00,coding
16,98,2025-07-22 09:56:00,relationships
17,94,2025-04-29 10:35:00,health
18,172,2025-07-14 09:46:00,shopping
19,166,2025-02-21 23:50:00,news
20,137,2025-06-28 06:22:00,coding
21,70,2025-06-09 22:03:00,shopping
22,197,2025-02-10 17:35:00,coding
23,81,2025-10-20 02:51:00,health
24,146,2025-08-18 03:23:00,coding
25,102,2025-12-01 03:01:00,coding
26,64,2025-07-11 07:44:00,shopping
27,150,2025-10-18 20:01:00,health
28,36,2025-12-26 08:48:00,homework
29,29,2025-04-22 07:05:00,shopping
30,175,2025-11-04 09:46:00,news
31,98,2025-12-07 19:45:00,news
32,142,2025-01-09 08:38:00,shopping
33,175,2025-07-14 07:06:00,shopping
34,76,2025-11-13 14:04:00,coding
35,185,2025-07-11 19:03:00,news
36,130,2025-03-19 11:39:00,shopping
37,164,2025-05-25 20:13:00,coding
38,42,2025-01-01 09:59:00,news
39,5,2025-03-23 11:01:00,health
40,79,2025-06-24 08:43:00,homework
41,146,2025-02-27 08:22:00,homework
42,18,2025-04-02 13:49:00,coding
43,141,2025-05-01 05:48:00,health
44,156,2025-11-05 02:52:00,coding
45,194,2025-05-27 11:22:00,shopping
46,172,2025-09-29 21:59:00,relationships
47,116,2025-03-30 02:42:00,coding
48,87,2025-01-16 07:36:00,news
49,151,2025-06-10 08:34:00,homework
50,162,2025-02-12 20:53:00,coding
51,9,2025-08-29 14:39:00,homework
52,72,2025-12-20 11:13:00,coding
53,186,2025-12-11 04:31:00,coding
54,105,2025-05-19 15:39:00,homework
55,111,2025-09-15 23:47:00,relationships
56,187,2025-02-09 10:42:00,shopping
57,166,2025-03-13 15:58:00,homework
58,87,2025-03-21 13:36:00,coding
59,138,2025-11-23 16:05:00,coding
60,72,2025-12-03 21:00:00,coding
61,20,2025-11-19 16:16:00,news
62,167,2025-01-11 17:54:00,homework
63,61,2025-05-02 02:29:00,relationships
64,55,2025-10-20 00:41:00,homework
65,1,2025-10-12 07:06:00,health
66,117,2025-07-27 17:05:00,relationships
67,188,2025-12-21 09:11:00,coding
68,56,2025-02-12 14:04:00,news
69,16,2025-08-17 08:38:00,homework
70,123,2025-04-25 15:20:00,homework
71,21,2025-05-16 07:31:00,homework
72,173,2025-06-21 06:29:00,relationships
73,146,2025-06-29 06:55:00,news
74,159,2025-03-01 16:45:00,relationships
75,145,2025-08-19 08:57:00,health
76,184,2025-08-17 18:45:00,coding
77,34,2025-08-07 10:49:00,relationships
78,193,2025-02-22 19:46:00,homework
79,145,2025-03-14 19:17:00,homework
80,130,2025-07-13 02:42:00,coding
81,18,2025-06-27 21:10:00,health
82,113,2025-08-09 06:52:00,news
83,168,2025-01-06 16:43:00,shopping
84,77,2025-03-17 10:18:00,coding
85,28,2025-04-24 04:38:00,health
86,54,2025-09-07 16:16:00,coding
87,68,2025-12-22 17:42:00,health
88,14,2025-03-09 05:01:00,shopping
89,71,2025-02-02 02:28:00,homework
90,34,2025-07-10 18:00:00,coding
91,,2025-11-08 10:22:00,news
92,20,2025-04-19 12:54:00,news
93,95,2025-04-18 20:07:00,relationships
94,79,2025-09-23 12:44:00,homework
95,54,2025-07-01 16:50:00,shopping
96,200,2025-10-23 21:57:00,news
97,61,2025-04-29 07:55:00,coding
98,7,2025-05-11 14:33:00,shopping
99,106,2025-06-30 17:02:00,health
100,180,2025-03-20 17:06:00,relationships
101,121,2025-06-11 23:18:00,coding
102,118,2025-09-12 14:43:00,health
103,59,2025-06-12 07:52:00,homework
104,103,2025-08-28 00:47:00,health
105,198,2025-07-23 06:03:00,health
106,103,2025-08-30 03:15:00,homework
107,67,2025-05-11 00:41:00,news
108,68,2025-01-28 20:35:00,homework
109,89,2025-08-17 09:54:00,relationships
110,131,2025-03-26 05:03:00,relationships
111,49,2025-07-05 11:35:00,homework
112,1,2025-05-24 11:26:00,health
113,171,2025-08-29 10:39:00,news
114,32,2025-08-07 16:30:00,news
115,105,2025-08-26 12:27:00,relationships
116,142,2025-04-03 16:30:00,coding
117,98,2025-05-07 17:20:00,news
118,104,2025-01-01 07:05:00,health
119,111,2025-08-23 15:42:00,relationships
120,173,2025-06-05 14:42:00,news
121,189,2025-05-04 13:34:00,shopping
122,132,2025-09-02 01:50:00,homework
123,193,2025-06-21 00:37:00,shopping
124,51,2025-04-18 07:11:00,homework
125,122,2025-02-23 00:45:00,relationships
126,162,2025-05-22 14:00:00,shopping
127,127,2025-10-19 00:26:00,coding
128,177,2025-01-05 00:54:00,homework
129,57,2025-05-09 01:50:00,shopping
130,13,2025-07-01 11:03:00,homework
131,119,2025-08-20 01:11:00,relationships
132,185,2025-11-07 17:50:00,news
133,41,2025-12-12 15:32:00,relationships
134,64,2025-07-21 22:22:00,news
135,62,2025-07-19 22:56:00,relationships
136,74,2025-06-20 18:04:00,health
137,139,2025-02-28 16:11:00,coding
138,99,2025-04-22 06:27:00,shopping
139,107,2025-10-24 19:18:00,health
140,107,2025-02-15 08:10:00,coding
141,100,2025-01-15 05:20:00,news
142,2,2025-09-14 03:25:00,health
143,108,2025-06-10 14:11:00,relationships
144,112,2025-12-20 15:12:00,homework
145,172,2025-10-22 09:56:00,shopping
146,120,2025-04-03 22:27:00,news
147,101,2025-01-20 17:38:00,homework
148,35,2025-12-03 04:45:00,coding
149,98,2025-08-27 08:54:00,coding
150,87,2025-10-04 01:42:00,health
151,108,2025-07-03 16:45:00,homework
152,192,2025-02-07 22:15:00,health
153,18,2025-01-30 07:33:00,homework
154,52,2025-01-15 20:09:00,news
155,33,2025-12-11 20:04:00,shopping
156,56,2025-12-05 15:03:00,shopping
157,95,2025-05-03 04:19:00,news
158,192,2025-03-25 09:36:00,coding
159,28,2025-01-19 16:45:00,health
160,97,2025-10-16 20:02:00,shopping
161,152,2025-06-26 20:06:00,homework
162,78,2025-03-30 03:35:00,news
163,89,2025-11-08 22:26:00,shopping
164,130,2025-09-06 11:26:00,homework
165,126,2025-03-18 20:25:00,relationships
166,163,2025-12-01 18:31:00,shopping
167,46,2025-07-16 16:01:00,news
168,138,2025-12-19 01:43:00,relationships
169,188,2025-07-15 10:33:00,health
170,23,2025-07-23 02:37:00,relationships
171,119,2025-10-03 23:19:00,health
172,84,2025-05-13 09:52:00,relationships
173,67,2025-09-05 19:51:00,health
174,,2025-07-21 04:08:00,news
175,49,2025-03-04 08:11:00,coding
176,126,2025-06-24 23:57:00,shopping
177,183,2025-12-24 09:43:00,relationships
178,24,2025-08-03 06:08:00,coding
179,63,2025-08-11 23:20:00,shopping
180,122,2025-09-08 07:35:00,relationships
181,141,2025-08-29 20:59:00,health
182,70,2025-08-12 06:37:00,health
183,185,2025-05-21 05:39:00,health
184,138,2025-05-15 19:43:00,coding
185,124,2025-07-21 08:10:00,shopping
186,195,2025-07-26 01:45:00,homework
187,76,2025-06-15 15:33:00,health
188,4,2025-04-03 04:11:00,health
189,14,2025-08-01 17:27:00,shopping
190,164,2025-12-24 10:43:00,homework
191,147,2025-07-27 01:11:00,relationships
192,88,2025-05-15 05:59:00,homework
193,123,2025-03-25 01:49:00,homework
194,19,2025-02-09 00:53:00,coding
195,145,2025-08-10 05:54:00,homework
196,31,2025-10-31 01:10:00,news
197,159,2025-06-14 08:10:00,news
198,114,2025-08-05 12:37:00,news
199,79,2025-02-13 20:36:00,news
200,26,2025-06-01 07:21:00,shopping
201,170,2025-03-01 02:51:00,coding
202,,2025-02-24 15:51:00,coding
203,116,2025-12-09 04:18:00,health
204,74,2025-07-25 20:51:00,shopping
205,19,2025-06-19 23:22:00,health
206,161,2025-05-25 01:08:00,relationships
207,58,2025-04-19 11:46:00,health
208,19,2025-02-13 10:15:00,coding
209,153,2025-07-30 03:50:00,relationships
210,177,2025-08-10 10:22:00,shopping
211,70,2025-12-31 10:23:00,news
212,21,2025-01-30 00:37:00,relationships
213,155,2025-07-02 07:29:00,homework
214,173,2025-01-16 02:33:00,shopping
215,148,2025-01-30 07:05:00,coding
216,167,2025-11-19 00:31:00,health
217,150,2025-11-14 09:38:00,shopping
218,24,2025-12-09 06:01:00,health
219,83,2025-03-18 04:00:00,coding
220,178,2025-12-27 18:56:00,health
221,103,2025-01-27 17:19:00,relationships
222,65,2025-08-24 09:37:00,homework
223,104,2025-01-01 20:06:00,shopping
224,119,2025-10-28 22:01:00,homework
225,93,2025-12-29 23:47:00,shopping
226,14,2025-05-29 05:26:00,health
227,74,2025-11-16 00:38:00,shopping
228,8,2025-06-24 06:01:00,shopping
229,142,2025-01-10 22:58:00,news
230,58,2025-03-24 14:52:00,relationships
231,166,2025-04-23 02:50:00,relationships
232,75,2025-07-19 02:26:00,relationships
233,121,2025-06-27 11:30:00,relationships
234,99,2025-05-19 19:09:00,news
235,35,2025-02-20 20:01:00,health
236,107,2025-09-05 11:45:00,news
237,1,2025-07-25 22:58:00,shopping
238,151,2025-12-23 13:05:00,coding
239,124,2025-09-09 07:28:00,health
240,140,2025-10-02 16:13:00,relationships
241,49,2025-06-23 21:25:00,news
242,199,2025-10-27 02:48:00,homework
243,122,2025-10-05 14:29:00,relationships
244,167,2025-04-21 18:13:00,relationships
245,33,2025-08-30 18:01:00,homework
246,113,2025-03-14 14:35:00,news
247,4,2025-04-15 23:17:00,relationships
248,40,2025-02-24 11:43:00,relationships
249,68,2025-09-04 12:47:00,news
250,167,2025-02-28 11:36:00,health
251,137,2025-10-04 17:08:00,health
252,195,2025-12-22 07:30:00,news
253,18,2025-06-20 22:54:00,shopping
254,74,2025-06-15 15:36:00,shopping
255,26,2025-03-15 04:29:00,relationships
256,77,2025-01-22 01:53:00,homework
257,15,2025-08-02 14:58:00,health
258,38,2025-06-27 19:39:00,news
259,175,2025-05-12 02:43:00,coding
260,157,2025-10-06 13:26:00,news
261,128,2025-04-15 05:09:00,coding
262,66,2025-12-01 15:34:00,health
263,120,2025-07-29 10:43:00,shopping
264,19,2025-11-18 15:47:00,health
265,77,2025-11-05 23:20:00,shopping
266,78,2025-05-26 01:34:00,relationships
267,28,2025-06-22 17:28:00,relationships
268,148,2025-08-04 10:44:00,shopping
269,,2025-10-16 05:12:00,health
270,176,2025-02-05 17:06:00,news
271,74,2025-06-17 13:36:00,news
272,57,2025-05-19 10:47:00,news
273,194,2025-04-10 14:23:00,shopping
274,161,2025-01-29 16:57:00,health
275,9,2025-09-23 16:24:00,shopping
276,76,2025-08-26 21:49:00,shopping
277,52,2025-04-07 05:39:00,news
278,94,2025-07-18 10:45:00,coding
279,124,2025-08-03 21:58:00,shopping
280,30,2025-12-08 00:41:00,homework
281,58,2025-10-17 09:16:00,news
282,102,2025-01-11 03:14:00,health
283,117,2025-09-26 09:30:00,shopping
284,68,2025-10-05 10:54:00,shopping
285,28,2025-06-20 06:20:00,relationships
286,144,2025-08-27 20:19:00,news
287,17,2025-12-05 01:39:00,shopping
288,105,2025-03-26 23:03:00,coding
289,10,2025-08-10 15:09:00,relationships
290,61,2025-04-09 18:54:00,relationships
291,172,2025-11-02 04:46:00,news
292,40,2025-10-30 02:37:00,shopping
293,126,2025-10-25 04:20:00,health
294,95,2025-06-08 05:03:00,relationships
295,61,2025-09-22 02:23:00,homework
296,95,2025-09-19 04:16:00,homework
297,49,2025-03-30 22:53:00,relationships
298,55,2025-01-16 13:14:00,homework
299,63,2025-04-02 16:40:00,news
300,196,2025-05-31 20:20:00,news
301,60,2025-08-28 05:59:00,coding
302,153,2025-01-03 01:33:00,health
303,38,2025-04-05 15:46:00,news
304,45,2025-03-22 01:06:00,shopping
305,34,2025-01-11 19:42:00,health
306,61,2025-08-24 18:18:00,homework
307,14,2025-04-03 07:15:00,shopping
308,30,2025-02-16 06:45:00,relationships
309,93,2025-03-21 09:51:00,relationships
310,158,2025-02-01 13:51:00,shopping
311,169,2025-08-08 15:22:00,relationships
312,8,2025-02-14 07:00:00,relationships
313,110,2025-03-20 14:46:00,relationships
314,114,2025-02-23 12:20:00,homework
315,38,2025-02-17 19:52:00,coding
316,163,2025-08-25 19:01:00,relationships
317,136,2025-08-03 17:42:00,relationships
318,111,2025-03-14 05:16:00,shopping
319,168,2025-06-06 13:48:00,relationships
320,59,2025-10-29 07:54:00,health
321,103,2025-10-30 21:56:00,shopping
322,110,2025-08-16 13:44:00,shopping
323,40,2025-12-12 08:25:00,homework
324,22,2025-03-09 21:18:00,relationships
325,190,2025-09-29 08:28:00,coding
326,151,2025-08-29 00:58:00,shopping
327,91,2025-11-04 23:21:00,shopping
328,74,2025-08-16 12:26:00,health
329,130,2025-06-04 21:52:00,coding
330,58,2025-03-20 19:15:00,health
331,95,2025-03-25 15:45:00,health
332,110,2025-01-20 02:49:00,news
333,178,2025-07-14 17:59:00,homework
334,180,2025-08-13 23:53:00,health
335,47,2025-04-15 07:30:00,news
336,18,2025-04-14 07:26:00,shopping
337,8,2025-03-08 19:34:00,shopping
338,97,2025-11-02 17:06:00,relationships
339,95,2025-08-15 22:15:00,shopping
340,146,2025-03-03 20:43:00,homework
341,194,2025-02-06 05:39:00,shopping
342,114,2025-11-05 18:11:00,relationships
343,107,2025-07-18 21:56:00,coding
344,30,2025-09-09 08:19:00,relationships
345,174,2025-12-21 08:31:00,news
346,12,2025-06-10 13:50:00,relationships
347,15,2025-01-06 14:20:00,coding
348,55,2025-04-10 22:21:00,health
349,31,2025-01-06 15:05:00,relationships
350,45,2025-04-05 01:41:00,relationships
351,59,2025-12-31 06:43:00,news
352,91,2025-02-22 11:36:00,relationships
353,11,2025-11-14 15:29:00,homework
354,20,2025-08-16 23:07:00,news
355,104,2025-11-01 03:43:00,health
356,6,2025-08-25 11:44:00,coding
357,159,2025-12-02 00:46:00,shopping
358,23,2025-11-15 00:05:00,homework
359,151,2025-10-19 14:22:00,news
360,80,2025-09-05 05:25:00,coding
361,44,2025-02-25 14:49:00,news
362,136,2025-05-22 04:42:00,health
363,166,2025-04-18 13:04:00,coding
364,66,2025-05-24 15:34:00,coding
365,195,2025-02-24 20:53:00,coding
366,161,2025-12-26 19:19:00,relationships
367,195,2025-11-23 21:11:00,shopping
368,145,2025-08-24 08:28:00,shopping
369,113,2025-02-19 17:23:00,relationships
370,78,2025-07-20 00:16:00,news
371,130,2025-02-24 00:34:00,health
372,10,2025-02-11 10:13:00,health
373,20,2025-03-07 18:02:00,news
374,99,2025-12-03 22:28:00,news
375,190,2025-01-30 20:55:00,relationships
376,147,2025-05-18 01:43:00,health
377,129,2025-04-20 20:29:00,homework
378,88,2025-03-03 09:45:00,news
379,11,2025-06-30 09:38:00,shopping
380,113,2025-04-26 14:17:00,health
381,73,2025-10-10 02:35:00,relationships
382,174,2025-02-08 03:09:00,shopping
383,17,2025-08-29 01:45:00,homework
384,99,2025-07-26 21:49:00,health
385,169,2025-04-20 11:57:00,health
386,170,2025-04-13 23:38:00,health
387,168,2025-10-13 09:57:00,coding
388,22,2025-08-14 10:20:00,news
389,85,2025-04-04 01:21:00,shopping
390,190,2025-03-10 01:12:00,shopping
391,131,2025-09-21 11:24:00,homework
392,47,2025-06-05 23:17:00,health
393,125,2025-05-20 19:32:00,coding
394,40,2025-02-26 04:33:00,health
395,26,2025-01-28 11:41:00,shopping
396,197,2025-04-06 10:14:00,news
397,42,2025-05-12 16:30:00,shopping
398,43,2025-11-15 16:53:00,homework
399,174,2025-06-22 23:08:00,relationships
400,193,2025-11-23 21:35:00,coding
401,80,2025-12-08 12:38:00,coding
402,147,2025-11-17 19:59:00,relationships
403,200,2025-10-06 01:42:00,news
404,42,2025-05-26 09:58:00,news
405,65,2025-02-07 23:54:00,shopping
406,96,2025-03-16 16:53:00,shopping
407,32,2025-07-27 13:50:00,homework
408,70,2025-11-24 04:25:00,news
409,112,2025-03-08 18:48:00,coding
410,90,2025-01-20 10:05:00,relationships
411,129,2025-09-30 07:27:00,coding
412,21,2025-10-01 00:04:00,coding
413,26,2025-09-02 03:37:00,coding
414,74,2025-12-11 00:44:00,shopping
415,195,2025-12-08 14:17:00,relationships
416,21,2025-01-14 20:07:00,health
417,39,2025-11-05 04:54:00,homework
418,61,2025-08-08 06:59:00,homework
419,108,2025-11-29 20:38:00,homework
420,128,2025-01-12 23:13:00,shopping
421,62,2025-04-15 13:11:00,health
422,158,2025-09-14 21:54:00,coding
423,48,2025-03-04 08:12:00,news
424,18,2025-01-15 19:22:00,relationships
425,12,2025-10-09 17:14:00,health
426,5,2025-09-18 00:40:00,homework
427,188,2025-03-17 11:39:00,news
428,86,2025-04-08 03:30:00,homework
429,87,2025-05-08 11:54:00,shopping
430,179,2025-12-15 10:56:00,shopping
431,35,2025-02-15 22:45:00,shopping
432,118,2025-01-27 22:20:00,health
433,52,2025-01-31 12:21:00,health
434,132,2025-10-17 23:28:00,news
435,10,2025-05-20 03:46:00,health
436,200,2025-02-04 19:26:00,shopping
437,32,2025-09-25 23:36:00,relationships
438,191,2025-11-17 04:57:00,relationships
439,48,2025-12-28 07:46:00,shopping
440,133,2025-07-14 05:16:00,homework
441,21,2025-11-10 13:24:00,news
442,47,2025-08-02 21:56:00,health
443,84,2025-08-04 06:40:00,health
444,184,2025-11-07 06:55:00,coding
445,90,2025-11-22 14:09:00,homework
446,91,2025-11-13 17:08:00,health
447,15,2025-02-24 15:26:00,shopping
448,94,2025-04-27 11:58:00,homework
449,156,2025-11-16 01:37:00,homework
450,61,2025-09-24 18:03:00,health
451,146,2025-01-24 13:58:00,news
452,116,2025-09-28 03:04:00,health
453,20,2025-04-11 06:23:00,news
454,81,2025-07-22 22:27:00,coding
455,7,2025-05-16 11:25:00,relationships
456,144,2025-03-27 18:01:00,health
457,181,2025-11-21 23:11:00,coding
458,74,2025-12-24 16:20:00,coding
459,19,2025-11-26 04:01:00,coding
460,114,2025-03-05 22:15:00,shopping
461,82,2025-09-10 23:41:00,shopping
462,139,2025-07-31 10:26:00,health
463,183,2025-05-07 18:27:00,health
464,32,2025-05-27 08:23:00,coding
465,127,2025-01-20 03:20:00,health
466,95,2025-12-07 08:30:00,news
467,23,2025-02-17 21:01:00,health
468,184,2025-12-15 13:16:00,news
469,105,2025-02-23 16:53:00,coding
470,165,2025-02-24 00:07:00,relationships
471,133,2025-09-08 20:49:00,coding
472,200,2025-05-13 12:02:00,coding
473,15,2025-04-01 09:52:00,news
474,43,2025-04-28 22:34:00,health
475,58,2025-09-09 23:11:00,news
476,21,2025-07-02 11:38:00,coding
477,142,2025-07-19 20:22:00,coding
478,158,2025-03-10 00:46:00,news
479,152,2025-04-23 06:44:00,coding
480,185,2025-09-03 20:19:00,news
481,8,2025-03-01 03:28:00,homework
482,198,2025-07-12 17:11:00,shopping
483,147,2025-10-31 08:22:00,news
484,128,2025-07-30 22:22:00,shopping
485,124,2025-06-28 07:33:00,shopping
486,117,2025-02-23 03:17:00,shopping
487,113,2025-10-30 15:30:00,relationships
488,88,2025-04-15 14:47:00,health
489,82,2025-09-09 11:47:00,relationships
490,95,2025-03-19 07:41:00,health
491,32,2025-07-14 18:24:00,relationships
492,25,2025-02-06 20:23:00,health
493,158,2025-11-01 11:26:00,coding
494,41,2025-08-27 10:21:00,news
495,49,2025-04-27 00:42:00,relationships
496,120,2025-12-30 04:27:00,health
497,24,2025-10-14 08:24:00,news
498,62,2025-06-06 15:55:00,news
499,13,2025-07-24 21:03:00,relationships
500,168,2025-12-09 16:06:00,health
501,28,2025-11-10 19:00:00,coding
502,187,2025-09-24 08:25:00,relationships
503,103,2025-02-07 06:02:00,news
504,93,2025-07-30 03:40:00,homework
505,116,2025-07-23 16:28:00,news
506,31,2025-04-04 16:33:00,homework
507,87,2025-09-24 05:26:00,coding
508,131,2025-10-20 06:44:00,news
509,10,2025-04-10 18:53:00,shopping
510,122,2025-11-29 18:27:00,coding
511,132,2025-04-12 18:50:00,health
512,82,2025-04-29 07:55:00,relationships
513,190,2025-08-06 21:29:00,news
514,131,2025-12-23 16:41:00,shopping
515,122,2025-01-13 02:45:00,health
516,29,2025-10-31 07:34:00,news
517,186,2025-01-20 09:41:00,news
518,168,2025-06-15 16:36:00,shopping
519,123,2025-05-05 03:54:00,news
520,159,2025-10-04 20:18:00,coding
521,63,2025-01-23 23:44:00,news
522,29,2025-05-19 22:11:00,homework
523,108,2025-04-21 06:27:00,relationships
524,106,2025-12-10 09:54:00,shopping
525,181,2025-04-11 13:09:00,news
526,84,2025-12-15 08:08:00,news
527,45,2025-12-01 17:12:00,news
528,91,2025-07-12 12:03:00,news
529,64,2025-07-23 03:59:00,news
530,77,2025-07-30 10:42:00,shopping
531,181,2025-12-23 01:56:00,health
532,144,2025-07-19 03:01:00,health
533,174,2025-10-04 11:38:00,relationships
534,198,2025-04-17 15:51:00,health
535,183,2025-02-27 13:08:00,health
536,168,2025-07-06 17:40:00,shopping
537,52,2025-07-17 10:23:00,news
538,36,2025-03-21 12:52:00,news
539,62,2025-06-26 13:15:00,homework
540,136,2025-06-14 07:53:00,shopping
541,26,2025-10-28 22:57:00,health
542,26,2025-04-11 02:24:00,homework
543,41,2025-10-24 07:13:00,shopping
544,122,2025-12-14 16:01:00,shopping
545,74,2025-08-22 20:48:00,health
546,197,2025-03-07 03:26:00,shopping
547,137,2025-01-28 03:50:00,coding
548,46,2025-01-27 11:05:00,relationships
549,,2025-07-30 18:48:00,homework
550,146,2025-03-20 03:12:00,health
551,165,2025-12-26 15:44:00,coding
552,120,2025-07-18 16:10:00,coding
553,85,2025-04-29 07:47:00,shopping
554,66,2025-05-16 14:03:00,homework
555,76,2025-05-21 15:44:00,coding
556,164,2025-10-23 06:27:00,relationships
557,23,2025-10-19 21:04:00,shopping
558,36,2025-12-14 16:06:00,health
559,2,2025-07-09 21:33:00,relationships
560,193,2025-07-14 10:03:00,health
561,186,2025-01-09 07:51:00,health
562,178,2025-06-22 01:41:00,homework
563,120,2025-08-12 09:49:00,coding
564,129,2025-08-15 10:44:00,shopping
565,76,2025-09-25 15:17:00,news
566,35,2025-12-15 04:50:00,coding
567,156,2025-09-30 01:34:00,relationships
568,121,2025-06-09 01:01:00,coding
569,153,2025-03-01 14:47:00,news
570,181,2025-09-21 10:38:00,homework
571,29,2025-02-14 23:18:00,news
572,52,2025-04-20 02:51:00,coding
573,134,2025-11-18 17:43:00,homework
574,184,2025-12-22 22:53:00,homework
575,115,2025-02-10 12:18:00,relationships
576,107,2025-11-29 15:07:00,news
577,119,2025-08-13 09:39:00,shopping
578,66,2025-01-03 04:41:00,shopping
579,19,2025-02-02 23:29:00,relationships
580,17,2025-02-13 21:02:00,homework
581,121,2025-01-24 02:36:00,health
582,197,2025-04-09 14:47:00,shopping
583,166,2025-11-03 02:21:00,health
584,98,2025-11-23 14:45:00,relationships
585,175,2025-04-07 20:09:00,shopping
586,31,2025-05-10 23:03:00,news
587,33,2025-06-12 03:47:00,homework
588,77,2025-12-04 03:34:00,shopping
589,109,2025-10-04 04:20:00,coding
590,89,2025-04-23 22:56:00,health
591,186,2025-03-24 04:06:00,homework
592,108,2025-01-12 09:25:00,coding
593,26,2025-01-25 10:47:00,relationships
594,181,2025-02-05 10:40:00,coding
595,103,2025-11-16 15:25:00,coding
596,194,2025-02-11 02:25:00,coding
597,75,2025-06-20 12:16:00,shopping
598,148,2025-08-22 12:01:00,coding
599,37,2025-06-10 23:00:00,relationships
600,16,2025-05-08 12:40:00,shopping
601,143,2025-12-27 21:36:00,homework
602,165,2025-10-05 13:09:00,news
603,107,2025-10-25 06:50:00,coding
604,48,2025-12-11 19:20:00,coding
605,77,2025-04-16 02:43:00,relationships
606,144,2025-10-28 12:03:00,relationships
607,35,2025-10-10 20:06:00,coding
608,85,2025-02-27 13:51:00,relationships
609,24,2025-05-19 16:54:00,homework
610,173,2025-01-29 19:08:00,homework
611,195,2025-06-08 00:38:00,relationships
612,86,2025-08-09 18:35:00,homework
613,49,2025-03-27 10:14:00,shopping
614,123,2025-06-26 15:37:00,shopping
615,53,2025-10-16 19:38:00,coding
616,199,2025-07-26 02:49:00,relationships
617,167,2025-09-19 14:30:00,health
618,132,2025-12-29 02:33:00,relationships
619,185,2025-12-08 20:56:00,health
620,95,2025-08-16 20:42:00,relationships
621,57,2025-04-17 06:11:00,homework
622,150,2025-11-01 01:42:00,health
623,85,2025-06-17 11:52:00,relationships
624,63,2025-12-30 13:55:00,news
625,176,2025-09-03 19:21:00,health
626,126,2025-12-24 05:46:00,relationships
627,91,2025-05-04 06:07:00,coding
628,126,2025-05-15 00:28:00,news
629,16,2025-01-25 15:06:00,homework
630,172,2025-02-05 07:51:00,homework
631,162,2025-06-18 12:35:00,homework
632,3,2025-06-09 06:24:00,news
633,16,2025-12-18 20:36:00,shopping
634,,2025-10-27 12:39:00,homework
635,185,2025-07-20 01:26:00,news
636,5,2025-11-10 12:48:00,coding
637,25,2025-04-19 10:10:00,coding
638,135,2025-07-03 19:19:00,health
639,102,2025-02-27 12:57:00,health
640,118,2025-06-27 02:21:00,shopping
641,176,2025-02-28 16:52:00,shopping
642,167,2025-01-24 01:43:00,homework
643,97,2025-12-13 14:47:00,homework
644,180,2025-05-05 19:08:00,homework
645,112,2025-08-30 05:22:00,news
646,25,2025-01-31 23:38:00,coding
647,178,2025-12-13 05:58:00,health
648,20,2025-07-24 03:52:00,news
649,,2025-05-11 14:26:00,health
650,54,2025-04-15 23:55:00,shopping
651,20,2025-08-06 22:14:00,coding
652,146,2025-10-11 09:00:00,shopping
653,85,2025-10-07 12:11:00,shopping
654,177,2025-02-27 02:37:00,news
655,89,2025-02-09 02:24:00,homework
656,20,2025-09-06 00:17:00,news
657,153,2025-10-16 20:53:00,health
658,70,2025-11-25 01:56:00,relationships
659,142,2025-10-01 09:03:00,relationships
660,150,2025-10-04 18:15:00,homework
661,76,2025-06-29 11:01:00,shopping
662,69,2025-04-23 07:12:00,relationships
663,163,2025-04-23 08:11:00,shopping
664,,2025-03-19 14:06:00,homework
665,79,2025-11-20 20:19:00,health
666,27,2025-04-07 11:43:00,homework
667,115,2025-10-25 03:05:00,homework
668,91,2025-03-09 18:24:00,news
669,84,2025-10-08 12:31:00,homework
670,100,2025-03-03 16:13:00,shopping
671,63,2025-05-04 11:40:00,shopping
672,36,2025-07-15 19:41:00,health
673,38,2025-02-16 01:40:00,coding
674,108,2025-08-07 06:33:00,relationships
675,93,2025-07-03 06:46:00,coding
676,127,2025-05-23 09:27:00,relationships
677,78,2025-01-05 22:16:00,relationships
678,159,2025-10-04 15:03:00,health
679,111,2025-04-10 02:56:00,health
680,178,2025-05-27 06:08:00,relationships
681,102,2025-08-21 09:20:00,health
682,163,2025-12-24 12:58:00,news
683,84,2025-10-01 20:02:00,health
684,101,2025-09-23 19:06:00,homework
685,52,2025-05-12 00:27:00,shopping
686,7,2025-12-03 03:25:00,shopping
687,75,2025-02-20 08:38:00,relationships
688,36,2025-08-09 12:23:00,coding
689,40,2025-11-05 02:41:00,relationships
690,154,2025-12-15 23:14:00,news
691,130,2025-11-01 14:20:00,news
692,93,2025-03-03 21:10:00,homework
693,169,2025-09-16 12:13:00,coding
694,12,2025-10-18 23:49:00,health
695,111,2025-03-19 03:30:00,homework
696,57,2025-06-10 22:48:00,relationships
697,119,2025-12-31 10:16:00,coding
698,7,2025-12-18 13:02:00,homework
699,22,2025-03-26 12:27:00,shopping
700,80,2025-09-07 19:31:00,relationships
701,134,2025-12-18 15:44:00,health
702,113,2025-11-26 11:05:00,health
703,12,2025-03-25 19:15:00,homework
704,166,2025-03-21 15:15:00,shopping
705,190,2025-06-27 14:41:00,news
706,41,2025-08-30 00:27:00,news
707,119,2025-06-18 19:58:00,relationships
708,48,2025-11-11 16:05:00,relationships
709,158,2025-05-24 16:29:00,relationships
710,100,2025-01-04 05:46:00,shopping
711,72,2025-02-15 13:22:00,news
712,138,2025-05-17 03:21:00,health
713,118,2025-03-24 23:30:00,health
714,126,2025-08-17 05:08:00,news
715,101,2025-03-25 04:21:00,health
716,118,2025-05-06 15:08:00,shopping
717,77,2025-03-03 17:08:00,shopping
718,31,2025-06-23 17:21:00,health
719,96,2025-04-13 22:25:00,news
720,153,2025-04-11 09:24:00,news
721,48,2025-12-21 09:10:00,shopping
722,166,2025-05-07 03:29:00,news
723,74,2025-04-13 03:51:00,coding
724,116,2025-02-09 00:55:00,health
725,125,2025-04-10 10:07:00,coding
726,144,2025-12-27 10:13:00,relationships
727,107,2025-11-20 04:52:00,relationships
728,145,2025-01-23 11:19:00,coding
729,71,2025-06-13 17:25:00,news
730,200,2025-11-30 00:16:00,news
731,197,2025-12-27 16:13:00,news
732,147,2025-03-25 03:54:00,health
733,94,2025-01-31 07:11:00,shopping
734,56,2025-11-06 14:07:00,homework
735,168,2025-06-30 05:55:00,health
736,9,2025-11-24 11:38:00,health
737,23,2025-11-16 17:18:00,homework
738,61,2025-06-02 19:53:00,shopping
739,90,2025-11-08 18:45:00,coding
740,53,2025-05-31 16:35:00,homework
741,137,2025-07-24 16:19:00,news
742,83,2025-08-02 02:09:00,health
743,132,2025-03-11 08:10:00,coding
744,106,2025-02-13 04:05:00,health
745,33,2025-04-07 14:56:00,coding
746,83,2025-06-30 06:19:00,shopping
747,37,2025-07-15 16:10:00,shopping
748,116,2025-02-24 23:44:00,shopping
749,197,2025-03-09 18:56:00,relationships
750,72,2025-09-26 17:59:00,relationships
751,84,2025-01-02 19:13:00,shopping
752,118,2025-09-18 20:23:00,homework
753,102,2025-06-08 14:51:00,relationships
754,127,2025-07-15 13:01:00,health
755,87,2025-04-06 02:17:00,news
756,88,2025-02-05 06:00:00,homework
757,118,2025-01-12 20:32:00,homework
758,,2025-11-18 08:01:00,relationships
759,110,2025-05-28 07:46:00,shopping
760,167,2025-08-08 19:28:00,coding
761,71,2025-03-09 23:14:00,shopping
762,22,2025-09-28 18:26:00,shopping
763,43,2025-02-07 17:02:00,relationships
764,186,2025-06-20 11:57:00,relationships
765,181,2025-03-11 07:27:00,homework
766,20,2025-04-07 15:05:00,news
767,,2025-11-21 02:06:00,homework
768,88,2025-03-29 19:31:00,relationships
769,123,2025-02-21 13:48:00,coding
770,188,2025-03-16 14:02:00,homework
771,77,2025-04-10 20:30:00,relationships
772,193,2025-04-07 22:53:00,shopping
773,37,2025-02-19 19:34:00,news
774,157,2025-04-30 12:08:00,relationships
775,55,2025-04-21 05:27:00,relationships
776,114,2025-06-08 04:37:00,homework
777,36,2025-03-31 16:19:00,news
778,90,2025-11-09 16:06:00,health
779,64,2025-07-21 16:21:00,shopping
780,142,2025-07-27 11:21:00,shopping
781,169,2025-08-08 15:42:00,coding
782,131,2025-05-18 08:50:00,shopping
783,166,2025-02-09 17:39:00,coding
784,29,2025-06-25 13:12:00,relationships
785,19,2025-01-09 18:53:00,health
786,34,2025-10-09 16:29:00,news
787,140,2025-05-06 19:22:00,relationships
788,198,2025-02-23 03:37:00,homework
789,4,2025-07-10 22:01:00,coding
790,16,2025-10-17 19:07:00,news
791,183,2025-12-31 20:27:00,relationships
792,103,2025-03-02 00:31:00,shopping
793,158,2025-04-22 04:17:00,health
794,21,2025-05-28 23:08:00,coding
795,101,2025-02-18 03:26:00,health
796,187,2025-06-23 18:29:00,homework
797,112,2025-03-26 11:00:00,relationships
798,15,2025-08-14 05:14:00,shopping
799,,2025-05-08 21:38:00,homework
800,36,2025-01-09 06:21:00,coding
801,89,2025-07-08 18:40:00,coding
802,192,2025-07-15 16:59:00,shopping
803,198,2025-01-22 09:02:00,health
804,70,2025-02-16 12:14:00,health
805,148,2025-02-26 02:53:00,relationships
806,93,2025-02-10 08:52:00,relationships
807,43,2025-09-25 17:48:00,coding
808,27,2025-03-25 23:36:00,coding
809,1,2025-02-02 01:37:00,homework
810,121,2025-09-23 00:57:00,relationships
811,46,2025-01-26 18:01:00,news
812,183,2025-11-02 09:00:00,coding
813,107,2025-08-21 23:16:00,health
814,147,2025-09-29 11:17:00,homework
815,14,2025-05-11 14:16:00,coding
816,12,2025-10-19 22:40:00,homework
817,73,2025-08-15 05:50:00,health
818,117,2025-01-06 19:16:00,health
819,145,2025-08-10 07:12:00,shopping
820,119,2025-09-26 04:02:00,news
821,198,2025-05-23 07:15:00,shopping
822,,2025-06-28 11:54:00,coding
823,105,2025-01-18 09:51:00,coding
824,,2025-01-07 23:40:00,health
825,169,2025-10-01 23:52:00,shopping
826,27,2025-05-30 10:01:00,news
827,108,2025-12-25 06:49:00,homework
828,37,2025-07-23 18:18:00,homework
829,60,2025-10-28 18:41:00,shopping
830,118,2025-03-03 19:46:00,news
831,35,2025-10-15 03:47:00,homework
832,16,2025-11-13 17:52:00,shopping
833,61,2025-08-01 09:24:00,health
834,101,2025-08-26 13:39:00,health
835,60,2025-02-24 09:15:00,coding
836,198,2025-03-21 08:26:00,coding
837,116,2025-12-06 08:54:00,health
838,138,2025-09-18 21:31:00,coding
839,119,2025-07-12 23:20:00,homework
840,176,2025-08-10 12:32:00,shopping
841,11,2025-06-06 13:45:00,health
842,183,2025-06-30 17:56:00,health
843,13,2025-08-06 14:37:00,health
844,45,2025-01-23 15:11:00,relationships
845,143,2025-07-01 22:29:00,homework
846,36,2025-03-30 10:32:00,homework
847,200,2025-06-11 20:46:00,coding
848,103,2025-09-29 01:21:00,shopping
849,166,2025-03-03 04:41:00,news
850,20,2025-01-16 20:59:00,homework
851,166,2025-11-19 21:31:00,coding
852,85,2025-03-31 05:19:00,homework
853,13,2025-05-03 07:49:00,news
854,186,2025-10-15 15:06:00,relationships
855,175,2025-11-07 16:29:00,coding
856,48,2025-07-20 05:39:00,health
857,39,2025-01-26 05:32:00,news
858,63,2025-08-03 21:20:00,relationships
859,141,2025-12-15 19:40:00,homework
860,99,2025-04-10 22:22:00,relationships
861,135,2025-07-01 10:10:00,shopping
862,140,2025-01-15 05:18:00,relationships
863,92,2025-12-16 07:05:00,news
864,89,2025-08-23 04:26:00,relationships
865,7,2025-08-21 04:47:00,news
866,200,2025-07-24 13:39:00,homework
867,121,2025-09-18 06:35:00,news
868,41,2025-03-14 21:58:00,coding
869,69,2025-02-10 17:04:00,coding
870,100,2025-09-16 08:39:00,coding
871,152,2025-08-20 13:31:00,shopping
872,152,2025-01-21 12:56:00,shopping
873,146,2025-04-14 11:25:00,news
874,127,2025-08-14 01:05:00,coding
875,24,2025-02-10 21:36:00,coding
876,6,2025-12-15 01:27:00,homework
877,158,2025-05-27 16:50:00,coding
878,46,2025-08-24 15:07:00,homework
879,151,2025-04-14 03:33:00,homework
880,94,2025-02-22 19:34:00,health
881,170,2025-10-16 01:32:00,news
882,78,2025-08-23 21:53:00,coding
883,188,2025-11-15 02:49:00,shopping
884,167,2025-08-20 00:55:00,coding
885,144,2025-09-17 19:58:00,coding
886,45,2025-10-03 12:44:00,health
887,76,2025-04-03 17:34:00,coding
888,180,2025-10-13 03:43:00,news
889,155,2025-08-20 17:14:00,news
890,145,2025-03-17 19:27:00,relationships
891,191,2025-02-26 15:46:00,coding
892,82,2025-05-03 06:02:00,shopping
893,,2025-09-02 11:38:00,relationships
894,54,2025-07-01 17:02:00,shopping
895,,2025-03-20 16:02:00,shopping
896,99,2025-11-16 02:27:00,shopping
897,43,2025-10-29 11:30:00,relationships
898,90,2025-10-01 07:40:00,homework
899,148,2025-06-14 06:20:00,coding
900,9,2025-08-03 17:54:00,homework
901,27,2025-02-24 00:44:00,health
902,97,2025-04-28 04:00:00,shopping
903,24,2025-09-04 02:06:00,news
904,124,2025-01-23 13:38:00,relationships
905,43,2025-11-13 04:12:00,coding
906,85,2025-05-30 16:15:00,coding
907,142,2025-07-13 03:50:00,shopping
908,61,2025-03-11 20:15:00,homework
909,141,2025-12-24 11:56:00,coding
910,1,2025-11-08 08:57:00,homework
911,170,2025-12-16 18:20:00,coding
912,53,2025-05-05 09:30:00,shopping
913,21,2025-12-11 20:14:00,homework
914,102,2025-12-09 22:21:00,relationships
915,68,2025-03-08 08:43:00,shopping
916,48,2025-09-28 04:03:00,relationships
917,115,2025-02-02 11:44:00,health
918,68,2025-06-14 17:52:00,health
919,39,2025-03-12 10:00:00,homework
920,139,2025-10-29 10:56:00,news
921,16,2025-10-09 21:10:00,news
922,138,2025-12-12 18:09:00,news
923,122,2025-08-06 14:49:00,homework
924,183,2025-01-26 06:55:00,news
925,133,2025-04-18 08:50:00,homework
926,115,2025-05-06 21:16:00,coding
927,50,2025-04-02 21:15:00,homework
928,175,2025-11-14 01:02:00,coding
929,161,2025-04-18 16:21:00,news
930,187,2025-02-18 19:07:00,homework
931,102,2025-08-26 11:28:00,health
932,4,2025-11-02 12:56:00,homework
933,38,2025-03-14 23:11:00,homework
934,26,2025-07-28 07:50:00,news
935,106,2025-07-12 08:07:00,relationships
936,147,2025-12-11 11:05:00,homework
937,104,2025-04-15 18:00:00,news
938,178,2025-10-20 12:33:00,homework
939,85,2025-06-22 23:59:00,homework
940,69,2025-09-29 04:52:00,homework
941,78,2025-08-15 10:13:00,health
942,179,2025-03-13 12:28:00,coding
943,191,2025-11-19 15:55:00,health
944,107,2025-03-07 00:24:00,coding
945,105,2025-12-19 18:33:00,news
946,15,2025-04-26 18:14:00,homework
947,130,2025-10-21 17:39:00,coding
948,135,2025-01-22 01:54:00,coding
949,52,2025-02-11 23:06:00,coding
950,13,2025-09-20 10:00:00,shopping
951,95,2025-12-05 00:48:00,news
952,32,2025-01-23 06:07:00,coding
953,153,2025-11-21 20:13:00,coding
954,122,2025-09-12 16:29:00,health
955,67,2025-03-07 19:42:00,health
956,13,2025-04-29 15:00:00,news
957,55,2025-06-11 04:23:00,shopping
958,53,2025-07-15 22:34:00,shopping
959,6,2025-01-07 11:30:00,relationships
960,166,2025-05-07 02:54:00,news
961,58,2025-07-03 18:50:00,news
962,79,2025-07-20 12:35:00,relationships
963,90,2025-12-01 05:34:00,health
964,78,2025-10-17 04:44:00,news
965,131,2025-09-30 12:08:00,news
966,156,2025-07-25 20:08:00,health
967,124,2025-02-16 11:38:00,health
968,164,2025-08-25 18:10:00,health
969,183,2025-08-06 13:45:00,coding
970,196,2025-06-24 23:34:00,homework
971,154,2025-10-22 06:07:00,shopping
972,36,2025-01-19 12:51:00,shopping
973,76,2025-07-08 21:48:00,relationships
974,189,2025-01-26 17:14:00,news
975,147,2025-05-19 07:00:00,health
976,57,2025-12-13 10:04:00,shopping
977,77,2025-05-04 18:43:00,shopping
978,47,2025-08-02 22:14:00,homework
979,190,2025-07-08 08:16:00,shopping
980,196,2025-05-14 07:21:00,shopping
981,168,2025-03-07 00:37:00,coding
982,191,2025-08-12 14:42:00,relationships
983,85,2025-09-28 15:37:00,health
984,119,2025-03-27 18:22:00,relationships
985,163,2025-02-21 20:35:00,relationships
986,129,2025-03-29 05:56:00,shopping
987,77,2025-10-28 19:34:00,homework
988,39,2025-04-11 00:37:00,coding
989,146,2025-11-30 04:38:00,coding
990,184,2025-05-12 07:57:00,homework
991,162,2025-05-09 18:13:00,health
992,2,2025-11-26 04:12:00,health
993,199,2025-05-03 18:35:00,news
994,126,2025-03-06 02:38:00,coding
995,163,2025-11-09 16:28:00,relationships
996,123,2025-10-07 02:56:00,homework
997,52,2025-09-29 16:25:00,homework
998,194,2025-05-19 18:34:00,homework
999,161,2025-07-01 04:29:00,coding
1000,89,2025-08-16 06:12:00,coding
1001,129,2025-08-11 21:44:00,coding
1002,12,2025-08-06 03:27:00,health
1003,134,2025-09-04 00:05:00,relationships
1004,35,2025-09-07 13:41:00,relationships
1005,,2025-05-01 01:32:00,relationships
1006,58,2025-04-06 12:59:00,coding
1007,151,2025-05-04 01:13:00,homework
1008,167,2025-01-28 04:58:00,relationships
1009,66,2025-02-05 09:07:00,news
1010,170,2025-03-20 17:25:00,shopping
1011,13,2025-03-26 07:34:00,relationships
1012,32,2025-07-04 00:55:00,relationships
1013,53,2025-01-07 18:36:00,health
1014,26,2025-07-16 14:11:00,news
1015,36,2025-11-01 23:30:00,homework
1016,159,2025-03-27 17:33:00,health
1017,28,2025-12-29 10:37:00,coding
1018,200,2025-07-11 12:09:00,news
1019,92,2025-10-26 09:00:00,health
1020,141,2025-12-28 10:25:00,coding
1021,,2025-08-29 17:43:00,coding
1022,172,2025-03-06 19:26:00,homework
1023,172,2025-12-26 19:05:00,coding
1024,200,2025-02-24 15:33:00,shopping
1025,66,2025-06-18 07:49:00,relationships
1026,76,2025-07-12 07:55:00,relationships
1027,45,2025-01-29 17:20:00,health
1028,174,2025-08-16 16:57:00,relationships
1029,25,2025-02-03 09:58:00,homework
1030,170,2025-05-05 03:55:00,health
1031,113,2025-07-15 09:02:00,shopping
1032,88,2025-05-14 03:52:00,homework
1033,117,2025-07-17 22:37:00,relationships
1034,123,2025-11-04 02:26:00,shopping
1035,43,2025-03-24 07:48:00,coding
1036,16,2025-04-27 01:38:00,homework
1037,152,2025-12-18 11:21:00,news
1038,47,2025-10-04 12:37:00,health
1039,176,2025-04-06 03:22:00,relationships
1040,29,2025-10-27 11:42:00,relationships
1041,67,2025-08-17 19:42:00,homework
1042,174,2025-06-13 02:25:00,shopping
1043,133,2025-03-11 08:28:00,relationships
1044,64,2025-12-17 22:19:00,health
1045,165,2025-10-08 06:12:00,coding
1046,143,2025-02-09 17:36:00,homework
1047,41,2025-12-08 17:25:00,relationships
1048,20,2025-12-25 00:10:00,health
1049,72,2025-02-06 15:56:00,news
1050,165,2025-10-03 17:10:00,relationships
1051,21,2025-12-01 07:15:00,relationships
1052,115,2025-03-06 02:15:00,relationships
1053,31,2025-12-29 04:13:00,shopping
1054,27,2025-10-21 18:37:00,relationships
1055,141,2025-01-01 02:57:00,homework
1056,159,2025-08-10 19:14:00,news
1057,168,2025-11-29 04:48:00,health
1058,14,2025-06-12 07:46:00,relationships
1059,197,2025-12-11 12:36:00,shopping
1060,184,2025-11-26 12:34:00,homework
1061,169,2025-06-11 11:18:00,homework
1062,163,2025-08-01 14:46:00,news
1063,180,2025-03-19 10:06:00,homework
1064,127,2025-04-13 06:31:00,shopping
1065,105,2025-03-19 21:17:00,health
1066,49,2025-03-29 22:11:00,relationships
1067,49,2025-09-04 01:49:00,homework
1068,12,2025-03-31 17:24:00,relationships
1069,,2025-04-09 00:56:00,relationships
1070,189,2025-02-05 08:51:00,news
1071,150,2025-12-18 15:50:00,news
1072,46,2025-05-07 10:45:00,shopping
1073,27,2025-10-10 02:24:00,shopping
1074,83,2025-10-08 02:28:00,relationships
1075,178,2025-06-30 18:17:00,health
1076,88,2025-08-03 05:03:00,relationships
1077,36,2025-10-28 13:14:00,news
1078,192,2025-08-06 15:53:00,shopping
1079,81,2025-06-08 06:20:00,coding
1080,183,2025-07-31 14:14:00,shopping
1081,173,2025-04-07 14:36:00,shopping
1082,46,2025-08-23 18:01:00,shopping
1083,91,2025-12-16 19:04:00,news
1084,171,2025-10-31 23:57:00,shopping
1085,137,2025-07-28 04:57:00,relationships
1086,134,2025-03-19 12:42:00,homework
1087,14,2025-02-11 05:14:00,coding
1088,42,2025-07-28 16:58:00,shopping
1089,16,2025-08-03 21:57:00,coding
1090,9,2025-09-19 04:25:00,relationships
1091,173,2025-06-13 08:03:00,shopping
1092,100,2025-06-23 00:16:00,news
1093,179,2025-07-29 10:50:00,shopping
1094,98,2025-10-10 05:00:00,relationships
1095,176,2025-08-16 16:01:00,news
1096,191,2025-07-03 00:30:00,coding
1097,200,2025-11-19 15:06:00,coding
1098,181,2025-09-25 18:44:00,news
1099,155,2025-05-24 01:32:00,shopping
1100,76,2025-11-23 19:36:00,coding
1101,20,2025-05-17 03:39:00,coding
1102,31,2025-10-02 16:01:00,homework
1103,143,2025-07-12 09:55:00,coding
1104,66,2025-01-05 02:39:00,health
1105,40,2025-01-30 02:00:00,coding
1106,153,2025-02-07 00:45:00,shopping
1107,170,2025-08-08 07:03:00,relationships
1108,141,2025-09-18 17:59:00,homework
1109,82,2025-06-10 04:06:00,coding
1110,130,2025-04-27 01:12:00,relationships
1111,104,2025-03-08 22:51:00,health
1112,55,2025-08-30 16:05:00,health
1113,56,2025-12-12 18:43:00,news
1114,167,2025-01-07 09:51:00,homework
1115,115,2025-06-25 00:23:00,shopping
1116,160,2025-06-27 13:11:00,homework
1117,83,2025-10-05 16:58:00,homework
1118,139,2025-07-25 22:47:00,homework
1119,198,2025-10-01 00:52:00,news
1120,115,2025-12-21 11:31:00,homework
1121,167,2025-05-21 04:23:00,health
1122,25,2025-05-02 21:26:00,news
1123,161,2025-02-17 16:12:00,coding
1124,199,2025-06-05 05:30:00,shopping
1125,27,2025-05-30 16:45:00,news
1126,190,2025-11-13 22:19:00,shopping
1127,19,2025-04-22 23:03:00,homework
1128,85,2025-01-28 14:06:00,homework
1129,46,2025-07-03 10:24:00,news
1130,59,2025-07-08 08:12:00,relationships
1131,162,2025-10-22 12:14:00,relationships
1132,,2025-03-28 03:32:00,news
1133,185,2025-02-16 01:09:00,shopping
1134,180,2025-02-22 20:35:00,health
1135,28,2025-07-31 01:15:00,shopping
1136,23,2025-07-24 23:52:00,relationships
1137,170,2025-01-23 10:36:00,relationships
1138,57,2025-04-10 07:26:00,shopping
1139,140,2025-08-03 19:07:00,shopping
1140,174,2025-09-29 16:55:00,homework
1141,143,2025-04-13 22:41:00,homework
1142,147,2025-10-14 23:04:00,news
1143,22,2025-08-10 20:51:00,coding
1144,186,2025-09-08 09:14:00,coding
1145,166,2025-04-14 17:35:00,coding
1146,158,2025-07-04 00:58:00,coding
1147,172,2025-02-09 14:30:00,news
1148,141,2025-02-23 06:17:00,health
1149,65,2025-03-13 12:12:00,coding
1150,125,2025-08-29 22:02:00,health
1151,168,2025-06-20 18:45:00,homework
1152,18,2025-05-21 21:37:00,health
1153,85,2025-08-11 14:03:00,shopping
1154,145,2025-09-23 09:59:00,health
1155,44,2025-01-04 12:26:00,health
1156,57,2025-11-14 13:49:00,health
1157,35,2025-08-30 10:28:00,relationships
1158,92,2025-08-11 10:30:00,relationships
1159,45,2025-03-01 16:35:00,health
1160,36,2025-05-24 00:53:00,health
1161,161,2025-02-25 16:16:00,shopping
1162,5,2025-01-23 17:09:00,news
1163,197,2025-06-04 22:15:00,homework
1164,140,2025-12-10 18:36:00,shopping
1165,94,2025-10-13 19:24:00,coding
1166,151,2025-07-31 21:34:00,coding
1167,131,2025-03-07 22:32:00,relationships
1168,3,2025-06-23 22:44:00,news
1169,194,2025-04-13 05:09:00,relationships
1170,145,2025-04-17 11:00:00,shopping
1171,92,2025-01-30 10:23:00,coding
1172,60,2025-02-15 18:34:00,health
1173,11,2025-05-31 13:38:00,news
1174,93,2025-10-10 14:25:00,relationships
1175,12,2025-01-30 01:23:00,shopping
1176,181,2025-07-19 03:40:00,shopping
1177,140,2025-05-07 14:14:00,relationships
1178,94,2025-02-26 16:18:00,news
1179,58,2025-10-23 12:36:00,health
1180,89,2025-12-21 12:31:00,relationships
1181,2,2025-04-12 04:38:00,relationships
1182,20,2025-07-24 11:30:00,coding
1183,41,2025-09-21 18:18:00,news
1184,31,2025-06-17 17:35:00,relationships
1185,185,2025-03-24 12:44:00,relationships
1186,123,2025-06-03 10:19:00,news
1187,106,2025-01-17 08:16:00,coding
1188,147,2025-04-28 07:56:00,coding
1189,11,2025-04-17 22:39:00,homework
1190,47,2025-10-23 05:51:00,news
1191,164,2025-01-14 13:24:00,shopping
1192,73,2025-03-04 10:33:00,coding
1193,121,2025-12-17 17:45:00,coding
1194,106,2025-04-14 22:04:00,news
1195,47,2025-07-12 14:50:00,coding
1196,88,2025-11-27 04:57:00,news
1197,59,2025-10-03 09:43:00,relationships
1198,5,2025-05-28 08:17:00,news
1199,130,2025-11-02 16:26:00,coding
1200,46,2025-12-13 12:25:00,news
1201,137,2025-03-27 13:44:00,homework
1202,34,2025-01-01 20:58:00,shopping
1203,134,2025-11-03 07:59:00,health
1204,179,2025-11-09 08:33:00,coding
1205,124,2025-10-05 14:35:00,health
1206,190,2025-03-13 03:43:00,relationships
1207,123,2025-06-19 07:27:00,homework
1208,140,2025-10-25 13:37:00,health
1209,182,2025-01-06 04:19:00,news
1210,134,2025-01-06 05:43:00,relationships
1211,177,2025-08-19 00:46:00,relationships
1212,40,2025-11-07 06:08:00,shopping
1213,67,2025-11-05 10:16:00,news
1214,71,2025-10-17 10:00:00,coding
1215,143,2025-12-18 07:44:00,coding
1216,143,2025-12-19 06:19:00,health
1217,148,2025-09-08 18:03:00,shopping
1218,36,2025-03-28 17:10:00,shopping
1219,180,2025-04-28 19:34:00,homework
1220,103,2025-09-04 10:37:00,news
1221,176,2025-02-07 21:41:00,coding
1222,163,2025-01-04 20:27:00,homework
1223,121,2025-11-14 00:46:00,homework
1224,57,2025-09-28 00:48:00,homework
1225,186,2025-10-07 20:35:00,relationships
1226,134,2025-07-28 14:24:00,shopping
1227,15,2025-05-08 15:05:00,shopping
1228,3,2025-05-27 21:05:00,shopping
1229,133,2025-07-28 06:19:00,coding
1230,154,2025-06-18 16:44:00,news
1231,10,2025-09-19 22:54:00,coding
1232,41,2025-03-05 05:41:00,health
1233,91,2025-10-15 17:37:00,relationships
1234,133,2025-01-12 04:32:00,shopping
1235,24,2025-07-27 03:53:00,shopping
1236,150,2025-09-11 11:24:00,health
1237,71,2025-06-14 18:48:00,news
1238,,2025-10-22 03:39:00,news
1239,45,2025-10-24 11:11:00,news
1240,19,2025-08-03 06:25:00,health
1241,132,2025-07-07 15:31:00,news
1242,148,2025-07-02 03:32:00,shopping
1243,97,2025-12-19 04:02:00,coding
1244,199,2025-12-01 02:57:00,shopping
1245,151,2025-01-20 21:59:00,relationships
1246,18,2025-10-06 15:41:00,shopping
1247,57,2025-06-17 10:19:00,health
1248,91,2025-01-08 01:55:00,shopping
1249,64,2025-07-29 04:44:00,homework
1250,192,2025-09-07 00:45:00,homework
1251,46,2025-12-14 00:24:00,health
1252,147,2025-07-15 22:26:00,coding
1253,175,2025-05-19 11:25:00,relationships
1254,61,2025-06-26 06:14:00,health
1255,52,2025-07-01 19:44:00,news
1256,200,2025-03-19 16:31:00,homework
1257,,2025-12-25 17:56:00,news
1258,139,2025-01-31 18:36:00,relationships
1259,81,2025-12-25 12:16:00,news
1260,126,2025-05-14 03:55:00,news
1261,57,2025-04-04 09:15:00,homework
1262,109,2025-12-15 07:14:00,news
1263,89,2025-10-14 16:42:00,shopping
1264,118,2025-03-29 15:35:00,shopping
1265,81,2025-01-07 03:07:00,homework
1266,98,2025-03-15 08:41:00,health
1267,67,2025-05-17 06:43:00,news
1268,69,2025-12-10 05:21:00,news
1269,48,2025-12-30 04:38:00,relationships
1270,180,2025-09-29 02:34:00,health
1271,72,2025-11-25 05:03:00,coding
1272,148,2025-06-16 10:29:00,homework
1273,61,2025-11-11 17:34:00,relationships
1274,190,2025-04-19 21:32:00,relationships
1275,46,2025-11-03 22:36:00,relationships
1276,162,2025-08-18 21:44:00,relationships
1277,144,2025-02-04 17:46:00,relationships
1278,42,2025-02-13 17:12:00,coding
1279,122,2025-03-12 02:59:00,relationships
1280,67,2025-09-20 20:16:00,health
1281,66,2025-09-08 14:17:00,homework
1282,90,2025-05-25 21:02:00,news
1283,167,2025-05-08 02:17:00,health
1284,173,2025-12-21 23:34:00,shopping
1285,21,2025-10-05 11:41:00,news
1286,162,2025-04-16 11:24:00,coding
1287,87,2025-11-04 03:46:00,shopping
1288,104,2025-02-21 22:49:00,homework
1289,59,2025-08-17 06:29:00,health
1290,182,2025-07-14 18:25:00,news
1291,70,2025-11-20 23:09:00,health
1292,134,2025-11-24 21:21:00,relationships
1293,6,2025-04-02 01:13:00,shopping
1294,65,2025-02-28 07:13:00,coding
1295,27,2025-03-11 13:55:00,homework
1296,122,2025-02-09 04:40:00,homework
1297,135,2025-03-02 14:55:00,homework
1298,40,2025-03-03 09:26:00,shopping
1299,100,2025-08-14 06:38:00,coding
1300,73,2025-11-19 16:47:00,shopping
1301,135,2025-05-05 05:35:00,homework
1302,92,2025-08-25 19:18:00,relationships
1303,139,2025-07-18 08:47:00,news
1304,179,2025-05-09 21:56:00,news
1305,162,2025-11-13 17:46:00,news
1306,137,2025-08-14 11:43:00,health
1307,59,2025-03-07 05:04:00,relationships
1308,106,2025-07-09 04:27:00,coding
1309,1,2025-04-10 06:01:00,health
1310,137,2025-01-07 01:21:00,shopping
1311,,2025-12-14 09:21:00,health
1312,111,2025-08-02 07:11:00,news
1313,2,2025-09-30 01:54:00,coding
1314,144,2025-11-15 06:59:00,relationships
1315,184,2025-10-11 18:54:00,relationships
1316,21,2025-11-04 11:10:00,shopping
1317,196,2025-07-17 23:11:00,health
1318,137,2025-07-15 18:00:00,relationships
1319,18,2025-05-13 19:47:00,coding
1320,164,2025-11-28 13:41:00,news
1321,180,2025-12-25 06:15:00,coding
1322,39,2025-02-06 03:22:00,news
1323,27,2025-07-25 10:18:00,health
1324,113,2025-01-06 23:22:00,coding
1325,4,2025-12-26 09:55:00,coding
1326,80,2025-12-29 22:05:00,health
1327,9,2025-08-29 11:30:00,homework
1328,38,2025-02-10 19:20:00,health
1329,19,2025-12-09 08:24:00,coding
1330,65,2025-10-05 20:32:00,homework
1331,197,2025-07-01 06:55:00,relationships
1332,114,2025-06-29 23:28:00,shopping
1333,51,2025-12-02 13:40:00,shopping
1334,134,2025-06-01 18:52:00,relationships
1335,80,2025-08-24 05:56:00,coding
1336,11,2025-03-30 22:34:00,health
1337,77,2025-05-25 16:56:00,health
1338,171,2025-06-08 14:07:00,homework
1339,112,2025-08-25 07:17:00,homework
1340,71,2025-03-29 03:01:00,relationships
1341,3,2025-01-31 13:53:00,news
1342,122,2025-04-23 20:40:00,health
1343,64,2025-04-25 19:58:00,relationships
1344,159,2025-09-04 10:21:00,shopping
1345,92,2025-04-23 01:55:00,shopping
1346,28,2025-04-02 14:59:00,relationships
1347,143,2025-09-10 21:49:00,relationships
1348,6,2025-10-03 01:59:00,health
1349,65,2025-01-29 18:06:00,relationships
1350,144,2025-08-03 14:30:00,news
1351,49,2025-05-16 21:32:00,news
1352,188,2025-12-08 01:47:00,health
1353,154,2025-04-27 18:12:00,homework
1354,116,2025-08-04 07:15:00,health
1355,117,2025-01-01 12:34:00,shopping
1356,188,2025-05-16 02:26:00,homework
1357,94,2025-06-23 21:05:00,health
1358,169,2025-10-10 03:53:00,coding
1359,128,2025-04-23 05:38:00,news
1360,105,2025-08-23 11:46:00,homework
1361,169,2025-02-18 13:18:00,homework
1362,34,2025-05-11 01:56:00,homework
1363,125,2025-05-20 12:44:00,homework
1364,165,2025-10-10 23:15:00,shopping
1365,160,2025-07-06 08:51:00,homework
1366,156,2025-02-21 14:36:00,homework
1367,54,2025-12-24 19:56:00,homework
1368,164,2025-02-14 04:48:00,health
1369,107,2025-09-26 17:56:00,shopping
1370,158,2025-07-13 13:27:00,news
1371,19,2025-08-10 07:07:00,homework
1372,133,2025-03-12 17:16:00,homework
1373,137,2025-10-08 14:08:00,coding
1374,169,2025-07-01 03:26:00,news
1375,46,2025-10-30 07:52:00,shopping
1376,164,2025-09-18 15:51:00,shopping
1377,171,2025-11-07 23:40:00,homework
1378,47,2025-10-20 09:43:00,news
1379,41,2025-11-19 14:11:00,health
1380,141,2025-08-25 09:44:00,health
1381,163,2025-11-10 13:04:00,shopping
1382,62,2025-06-05 18:39:00,relationships
1383,191,2025-07-05 00:31:00,health
1384,115,2025-10-17 03:39:00,homework
1385,73,2025-01-12 20:54:00,news
1386,78,2025-01-05 18:47:00,health
1387,55,2025-08-18 07:21:00,homework
1388,177,2025-07-20 22:42:00,news
1389,147,2025-04-23 15:50:00,homework
1390,92,2025-04-24 16:10:00,coding
1391,150,2025-07-01 22:33:00,coding
1392,77,2025-03-08 22:09:00,news
1393,56,2025-02-26 05:11:00,shopping
1394,124,2025-05-06 21:41:00,relationships
1395,177,2025-03-11 10:36:00,news
1396,10,2025-10-05 20:00:00,homework
1397,198,2025-09-01 11:52:00,health
1398,112,2025-10-31 07:14:00,homework
1399,59,2025-01-09 07:49:00,shopping
1400,98,2025-02-09 09:57:00,health
1401,82,2025-04-19 22:06:00,health
1402,57,2025-04-22 13:19:00,homework
1403,101,2025-11-21 11:42:00,news
1404,24,2025-06-11 17:13:00,relationships
1405,101,2025-04-18 18:42:00,coding
1406,122,2025-02-05 21:46:00,news
1407,22,2025-10-18 04:45:00,news
1408,179,2025-04-05 22:28:00,coding
1409,51,2025-12-22 05:59:00,relationships
1410,51,2025-06-29 07:27:00,coding
1411,199,2025-11-10 03:56:00,health
1412,148,2025-03-07 05:46:00,homework
1413,109,2025-09-23 23:30:00,health
1414,89,2025-01-18 15:02:00,health
1415,90,2025-11-19 00:10:00,news
1416,12,2025-06-20 00:31:00,coding
1417,40,2025-03-04 11:42:00,homework
1418,,2025-04-18 12:50:00,health
1419,178,2025-03-23 00:43:00,health
1420,6,2025-08-30 15:57:00,coding
1421,55,2025-05-29 09:41:00,news
1422,67,2025-12-18 17:29:00,news
1423,37,2025-01-14 09:21:00,relationships
1424,170,2025-02-01 15:54:00,health
1425,73,2025-05-27 03:25:00,shopping
1426,14,2025-12-05 13:46:00,shopping
1427,18,2025-10-11 00:03:00,shopping
1428,,2025-09-20 07:17:00,homework
1429,167,2025-10-09 10:58:00,coding
1430,131,2025-03-14 12:42:00,health
1431,153,2025-03-06 02:16:00,coding
1432,118,2025-01-16 15:32:00,homework
1433,136,2025-08-11 00:59:00,health
1434,191,2025-04-25 07:51:00,homework
1435,91,2025-09-16 18:40:00,shopping
1436,129,2025-07-20 21:19:00,homework
1437,100,2025-01-22 10:57:00,news
1438,58,2025-04-21 11:17:00,health
1439,169,2025-04-10 22:48:00,homework
1440,134,2025-06-15 14:35:00,relationships
1441,40,2025-11-07 13:00:00,health
1442,85,2025-11-24 01:48:00,news
1443,168,2025-04-11 21:48:00,news
1444,52,2025-04-11 13:38:00,health
1445,135,2025-04-09 11:42:00,relationships
1446,198,2025-04-16 16:43:00,shopping
1447,41,2025-08-20 04:38:00,homework
1448,185,2025-03-28 04:58:00,coding
1449,38,2025-01-22 11:15:00,health
1450,106,2025-10-27 11:08:00,health
1451,164,2025-07-19 08:56:00,coding
1452,28,2025-04-06 18:55:00,coding
1453,157,2025-07-14 07:45:00,news
1454,60,2025-06-19 01:41:00,coding
1455,92,2025-02-27 20:56:00,shopping
1456,35,2025-12-08 08:14:00,shopping
1457,48,2025-10-10 03:21:00,relationships
1458,42,2025-05-21 17:27:00,coding
1459,196,2025-01-11 22:23:00,health
1460,57,2025-05-28 16:46:00,coding
1461,113,2025-12-23 18:22:00,shopping
1462,118,2025-06-29 16:51:00,relationships
1463,11,2025-10-04 23:31:00,shopping
1464,157,2025-01-29 01:02:00,news
1465,117,2025-01-31 21:16:00,coding
1466,102,2025-01-29 13:58:00,news
1467,196,2025-02-05 21:30:00,coding
1468,102,2025-08-10 18:28:00,health
1469,109,2025-08-03 09:21:00,news
1470,177,2025-04-14 13:49:00,relationships
1471,116,2025-03-07 20:34:00,shopping
1472,47,2025-04-09 12:39:00,relationships
1473,116,2025-01-19 03:22:00,coding
1474,183,2025-05-28 01:01:00,relationships
1475,83,2025-04-30 10:00:00,shopping
1476,24,2025-03-25 03:10:00,shopping
1477,93,2025-03-04 02:50:00,news
1478,187,2025-04-27 10:26:00,relationships
1479,12,2025-05-05 10:25:00,health
1480,169,2025-04-20 07:00:00,coding
1481,46,2025-02-07 08:42:00,relationships
1482,187,2025-11-21 22:55:00,health
1483,,2025-04-06 19:22:00,coding
1484,196,2025-07-04 07:26:00,homework
1485,128,2025-01-05 04:29:00,news
1486,61,2025-06-07 22:08:00,news
1487,117,2025-10-26 15:54:00,relationships
1488,154,2025-01-05 18:52:00,coding
1489,72,2025-06-01 04:43:00,homework
1490,15,2025-09-12 03:33:00,homework
1491,9,2025-08-06 07:38:00,health
1492,13,2025-03-21 06:56:00,relationships
1493,42,2025-07-27 01:54:00,news
1494,180,2025-05-10 04:37:00,relationships
1495,93,2025-01-27 02:21:00,homework
1496,83,2025-09-26 09:13:00,relationships
1497,195,2025-11-08 04:01:00,news
1498,121,2025-04-08 23:21:00,homework
1499,71,2025-08-28 17:20:00,news
1500,54,2025-06-02 05:25:00,news
1501,147,2025-03-05 20:08:00,relationships
1502,155,2025-07-29 02:57:00,relationships
1503,82,2025-07-09 01:53:00,news
1504,160,2025-09-15 16:02:00,coding
1505,128,2025-12-29 10:39:00,relationships
1506,157,2025-06-19 11:06:00,shopping
1507,50,2025-01-02 03:37:00,homework
1508,161,2025-03-27 20:54:00,shopping
1509,158,2025-10-29 22:13:00,relationships
1510,90,2025-06-04 14:52:00,homework
1511,177,2025-07-25 01:47:00,health
1512,79,2025-08-07 15:50:00,news
1513,197,2025-01-05 11:09:00,homework
1514,88,2025-10-16 09:27:00,shopping
1515,8,2025-05-08 21:20:00,coding
1516,87,2025-12-15 21:01:00,relationships
1517,166,2025-04-09 20:28:00,relationships
1518,118,2025-09-02 00:27:00,relationships
1519,106,2025-02-10 19:03:00,news
1520,186,2025-08-18 17:48:00,news
1521,54,2025-08-30 13:12:00,health
1522,39,2025-07-24 05:23:00,homework
1523,97,2025-05-01 20:31:00,news
1524,48,2025-03-27 02:00:00,health
1525,81,2025-01-24 00:44:00,health
1526,128,2025-06-23 01:05:00,health
1527,78,2025-06-07 09:19:00,news
1528,29,2025-09-30 11:53:00,homework
1529,24,2025-11-20 03:30:00,news
1530,124,2025-12-31 03:04:00,coding
1531,124,2025-08-14 23:54:00,health
1532,26,2025-04-07 15:24:00,coding
1533,118,2025-10-10 05:35:00,shopping
1534,30,2025-01-03 23:49:00,health
1535,176,2025-03-05 09:45:00,health
1536,12,2025-03-17 01:51:00,news
1537,191,2025-08-16 12:59:00,homework
1538,80,2025-06-02 19:19:00,health
1539,74,2025-07-21 10:48:00,news
1540,113,2025-03-27 16:05:00,health
1541,71,2025-03-25 08:20:00,homework
1542,144,2025-03-16 13:08:00,coding
1543,141,2025-08-20 21:55:00,health
1544,181,2025-07-26 06:27:00,news
1545,19,2025-08-15 17:43:00,news
1546,139,2025-11-20 01:18:00,homework
1547,121,2025-02-06 17:46:00,homework
1548,23,2025-11-07 13:01:00,relationships
1549,153,2025-11-21 15:33:00,news
1550,86,2025-05-25 06:52:00,shopping
1551,137,2025-02-27 04:41:00,relationships
1552,24,2025-12-07 23:42:00,homework
1553,176,2025-12-05 21:23:00,relationships
1554,58,2025-04-15 15:43:00,news
1555,94,2025-10-13 12:02:00,coding
1556,171,2025-08-29 12:53:00,health
1557,8,2025-02-17 14:20:00,relationships
1558,123,2025-12-02 20:46:00,coding
1559,90,2025-04-03 18:22:00,news
1560,183,2025-03-19 21:38:00,health
1561,19,2025-08-08 23:53:00,news
1562,152,2025-10-29 01:25:00,coding
1563,141,2025-04-26 19:04:00,relationships
1564,88,2025-06-01 15:13:00,shopping
1565,112,2025-09-07 04:23:00,news
1566,45,2025-02-26 17:18:00,shopping
1567,147,2025-12-21 08:28:00,homework
1568,119,2025-08-25 22:23:00,news
1569,114,2025-05-09 06:51:00,health
1570,18,2025-03-21 04:27:00,shopping
1571,198,2025-10-03 21:56:00,health
1572,170,2025-02-14 18:28:00,homework
1573,36,2025-01-01 03:13:00,coding
1574,116,2025-08-01 06:23:00,relationships
1575,115,2025-05-23 11:31:00,coding
1576,82,2025-08-07 06:15:00,news
1577,174,2025-08-10 18:23:00,relationships
1578,,2025-03-07 00:24:00,news
1579,131,2025-10-22 07:51:00,coding
1580,16,2025-09-26 20:38:00,news
1581,1,2025-09-19 14:15:00,homework
1582,8,2025-06-21 07:08:00,relationships
1583,101,2025-08-20 15:40:00,shopping
1584,98,2025-11-13 21:29:00,news
1585,45,2025-12-12 18:58:00,coding
1586,99,2025-09-20 08:29:00,relationships
1587,,2025-04-02 10:07:00,coding
1588,166,2025-01-12 10:30:00,coding
1589,125,2025-11-15 00:29:00,coding
1590,165,2025-10-30 19:36:00,relationships
1591,179,2025-11-06 23:43:00,news
1592,131,2025-11-05 20:06:00,news
1593,99,2025-09-16 17:26:00,coding
1594,155,2025-01-06 09:50:00,news
1595,188,2025-06-22 09:30:00,shopping
1596,106,2025-09-25 05:15:00,homework
1597,146,2025-12-18 21:43:00,shopping
1598,149,2025-12-17 15:23:00,shopping
1599,187,2025-07-23 11:13:00,relationships
1600,134,2025-03-06 09:42:00,coding
1601,190,2025-02-26 20:34:00,shopping
1602,149,2025-08-16 13:19:00,news
1603,88,2025-01-08 20:27:00,relationships
1604,121,2025-08-30 09:37:00,relationships
1605,76,2025-07-30 14:17:00,coding
1606,153,2025-08-10 10:01:00,shopping
1607,67,2025-02-14 17:21:00,shopping
1608,44,2025-02-07 14:07:00,shopping
1609,189,2025-01-20 21:04:00,health
1610,33,2025-02-25 23:15:00,health
1611,158,2025-07-24 14:20:00,health
1612,4,2025-03-23 05:28:00,news
1613,152,2025-04-21 01:17:00,shopping
1614,45,2025-07-10 05:43:00,shopping
1615,47,2025-01-25 02:17:00,health
1616,38,2025-04-23 05:58:00,relationships
1617,106,2025-10-07 00:19:00,coding
1618,186,2025-05-02 19:29:00,coding
1619,89,2025-02-09 13:24:00,shopping
1620,30,2025-02-08 05:54:00,coding
1621,122,2025-08-08 10:46:00,relationships
1622,193,2025-06-20 03:31:00,relationships
1623,100,2025-12-12 14:03:00,health
1624,112,2025-01-09 15:19:00,health
1625,115,2025-10-06 04:00:00,shopping
1626,136,2025-01-30 20:50:00,homework
1627,164,2025-09-15 15:35:00,relationships
1628,167,2025-07-18 11:51:00,health
1629,26,2025-07-05 22:27:00,shopping
1630,119,2025-06-26 01:42:00,shopping
1631,198,2025-05-22 22:34:00,news
1632,177,2025-05-12 00:16:00,health
1633,,2025-01-07 04:07:00,homework
1634,26,2025-03-17 15:54:00,shopping
1635,57,2025-07-26 06:58:00,health
1636,7,2025-03-08 22:47:00,homework
1637,169,2025-06-07 21:17:00,news
1638,182,2025-03-29 08:45:00,homework
1639,34,2025-10-01 18:20:00,shopping
1640,166,2025-05-15 13:03:00,homework
1641,65,2025-08-03 11:57:00,relationships
1642,20,2025-11-27 04:30:00,health
1643,178,2025-08-24 11:53:00,health
1644,19,2025-07-21 21:56:00,homework
1645,86,2025-02-13 17:36:00,health
1646,68,2025-05-10 13:32:00,relationships
1647,52,2025-10-13 21:47:00,coding
1648,28,2025-04-15 18:21:00,news
1649,56,2025-03-19 08:50:00,relationships
1650,27,2025-01-26 09:14:00,homework
1651,,2025-07-02 11:29:00,relationships
1652,128,2025-04-19 09:25:00,shopping
1653,10,2025-10-12 08:11:00,health
1654,,2025-10-12 22:59:00,news
1655,182,2025-12-24 07:14:00,relationships
1656,187,2025-02-21 01:04:00,news
1657,99,2025-12-18 00:43:00,homework
1658,92,2025-08-31 19:16:00,shopping
1659,15,2025-03-08 00:31:00,health
1660,88,2025-02-28 14:05:00,relationships
1661,75,2025-05-28 21:47:00,coding
1662,99,2025-05-20 02:01:00,health
1663,28,2025-09-19 14:32:00,relationships
1664,162,2025-11-15 22:19:00,shopping
1665,10,2025-05-21 14:32:00,homework
1666,152,2025-06-23 15:49:00,relationships
1667,139,2025-08-13 01:59:00,relationships
1668,116,2025-01-12 22:55:00,homework
1669,87,2025-02-01 04:14:00,relationships
1670,168,2025-11-30 18:36:00,shopping
1671,138,2025-04-19 11:09:00,shopping
1672,19,2025-01-27 20:29:00,shopping
1673,168,2025-01-14 21:09:00,relationships
1674,159,2025-02-03 08:26:00,coding
1675,34,2025-01-11 11:03:00,coding
1676,79,2025-03-12 20:18:00,relationships
1677,152,2025-02-16 13:44:00,homework
1678,153,2025-06-10 14:47:00,homework
1679,110,2025-09-03 15:29:00,shopping
1680,84,2025-03-29 23:10:00,shopping
1681,36,2025-08-23 04:11:00,coding
1682,152,2025-05-07 07:13:00,health
1683,71,2025-04-13 20:17:00,relationships
1684,95,2025-05-01 03:41:00,relationships
1685,149,2025-01-30 15:15:00,coding
1686,,2025-10-01 21:21:00,coding
1687,,2025-02-28 18:43:00,homework
1688,23,2025-07-26 14:34:00,relationships
1689,198,2025-12-13 14:55:00,shopping
1690,37,2025-07-17 07:11:00,news
1691,62,2025-05-08 02:27:00,news
1692,153,2025-05-12 01:44:00,shopping
1693,23,2025-08-08 07:50:00,health
1694,143,2025-06-21 14:05:00,coding
1695,136,2025-03-11 16:11:00,news
1696,195,2025-06-09 16:07:00,relationships
1697,169,2025-06-01 12:57:00,health
1698,29,2025-04-19 15:45:00,shopping
1699,122,2025-12-29 06:42:00,coding
1700,12,2025-02-09 08:12:00,shopping
1701,54,2025-11-13 12:26:00,health
1702,195,2025-11-26 23:19:00,homework
1703,14,2025-05-09 01:51:00,coding
1704,125,2025-03-26 12:23:00,homework
1705,185,2025-11-20 21:48:00,news
1706,108,2025-05-25 17:25:00,shopping
1707,84,2025-06-17 12:38:00,homework
1708,26,2025-06-22 15:56:00,shopping
1709,52,2025-10-01 10:54:00,coding
1710,150,2025-12-19 17:38:00,homework
1711,38,2025-06-07 09:45:00,news
1712,100,2025-09-29 23:07:00,coding
1713,50,2025-09-19 02:49:00,health
1714,33,2025-01-24 08:53:00,shopping
1715,72,2025-04-10 09:32:00,homework
1716,118,2025-11-01 12:59:00,coding
1717,57,2025-08-03 22:19:00,news
1718,164,2025-05-04 17:50:00,news
1719,59,2025-03-04 23:14:00,relationships
1720,126,2025-06-07 14:36:00,news
1721,119,2025-07-23 06:51:00,homework
1722,189,2025-06-29 14:35:00,coding
1723,149,2025-06-11 22:50:00,news
1724,147,2025-01-04 16:44:00,relationships
1725,11,2025-12-09 17:15:00,shopping
1726,9,2025-11-06 23:36:00,news
1727,179,2025-03-13 08:39:00,relationships
1728,22,2025-01-10 01:06:00,shopping
1729,56,2025-04-07 15:18:00,health
1730,166,2025-03-08 01:36:00,homework
1731,79,2025-04-28 19:42:00,shopping
1732,147,2025-01-18 18:39:00,relationships
1733,36,2025-10-23 04:11:00,coding
1734,95,2025-12-05 02:09:00,shopping
1735,161,2025-02-21 11:32:00,relationships
1736,86,2025-01-24 19:43:00,health
1737,70,2025-05-31 20:08:00,shopping
1738,86,2025-02-09 21:54:00,news
1739,173,2025-09-23 01:11:00,homework
1740,94,2025-12-05 20:37:00,news
1741,94,2025-05-08 15:01:00,shopping
1742,18,2025-05-30 01:36:00,coding
1743,62,2025-03-24 16:33:00,shopping
1744,193,2025-06-02 18:24:00,shopping
1745,83,2025-09-14 20:04:00,health
1746,109,2025-07-21 19:27:00,homework
1747,89,2025-11-26 10:26:00,relationships
1748,32,2025-12-09 08:42:00,shopping
1749,137,2025-08-01 19:41:00,relationships
1750,173,2025-02-17 18:55:00,coding
1751,118,2025-03-05 13:49:00,homework
1752,46,2025-07-29 23:40:00,homework
1753,71,2025-03-23 13:46:00,shopping
1754,39,2025-05-29 17:38:00,news
1755,6,2025-08-02 11:30:00,relationships
1756,139,2025-04-07 03:20:00,relationships
1757,114,2025-01-16 15:25:00,health
1758,6,2025-06-19 04:13:00,news
1759,106,2025-09-07 14:43:00,shopping
1760,84,2025-12-21 00:03:00,news
1761,136,2025-11-21 05:25:00,relationships
1762,34,2025-08-12 04:23:00,coding
1763,59,2025-12-19 14:45:00,health
1764,198,2025-02-04 10:57:00,coding
1765,117,2025-05-02 03:24:00,news
1766,183,2025-07-27 17:02:00,coding
1767,182,2025-04-22 18:20:00,coding
1768,11,2025-08-19 13:26:00,news
1769,67,2025-09-27 04:29:00,coding
1770,182,2025-01-26 06:14:00,shopping
1771,89,2025-04-18 17:30:00,health
1772,42,2025-08-08 14:08:00,homework
1773,104,2025-12-30 15:56:00,coding
1774,82,2025-04-24 15:13:00,homework
1775,140,2025-08-30 05:32:00,shopping
1776,122,2025-07-31 01:05:00,news
1777,145,2025-11-18 22:21:00,health
1778,188,2025-12-15 18:48:00,homework
1779,142,2025-03-27 02:33:00,health
1780,159,2025-06-10 11:09:00,relationships
1781,84,2025-02-10 01:46:00,news
1782,150,2025-06-11 18:14:00,health
1783,22,2025-11-21 08:56:00,shopping
1784,23,2025-10-15 05:03:00,coding
1785,155,2025-02-10 19:30:00,shopping
1786,38,2025-11-08 09:33:00,health
1787,4,2025-07-27 06:37:00,health
1788,115,2025-03-05 18:53:00,coding
1789,114,2025-10-30 15:18:00,relationships
1790,187,2025-11-05 15:00:00,shopping
1791,36,2025-03-04 16:19:00,coding
1792,122,2025-09-02 05:49:00,homework
1793,,2025-10-01 15:05:00,homework
1794,164,2025-07-19 00:46:00,relationships
1795,119,2025-04-10 16:58:00,coding
1796,98,2025-07-30 18:44:00,news
1797,78,2025-08-10 07:17:00,relationships
1798,119,2025-06-13 11:46:00,homework
1799,40,2025-07-11 06:36:00,health
1800,163,2025-12-11 02:15:00,homework
1801,74,2025-10-31 18:20:00,coding
1802,177,2025-06-28 05:19:00,homework
1803,71,2025-12-26 00:40:00,homework
1804,93,2025-12-16 21:05:00,news
1805,67,2025-12-13 15:24:00,shopping
1806,96,2025-01-13 18:37:00,health
1807,15,2025-04-17 09:55:00,health
1808,178,2025-04-09 15:59:00,health
1809,70,2025-09-20 23:47:00,relationships
1810,92,2025-02-05 11:21:00,health
1811,164,2025-02-25 22:38:00,news
1812,161,2025-05-14 10:28:00,homework
1813,43,2025-08-23 21:57:00,health
1814,176,2025-08-08 05:37:00,health
1815,177,2025-09-21 23:32:00,homework
1816,91,2025-04-15 15:38:00,homework
1817,73,2025-09-29 14:53:00,relationships
1818,42,2025-03-16 13:52:00,coding
1819,57,2025-05-18 04:49:00,news
1820,135,2025-03-24 23:42:00,relationships
1821,20,2025-03-26 21:07:00,coding
1822,123,2025-09-11 13:24:00,health
1823,36,2025-11-18 19:25:00,news
1824,88,2025-05-06 09:32:00,shopping
1825,191,2025-03-28 08:37:00,coding
1826,178,2025-04-14 15:54:00,shopping
1827,33,2025-06-02 19:14:00,coding
1828,,2025-03-23 08:29:00,homework
1829,124,2025-11-11 00:35:00,homework
1830,9,2025-02-13 03:44:00,relationships
1831,65,2025-02-01 12:23:00,homework
1832,3,2025-03-12 06:31:00,homework
1833,53,2025-05-26 15:40:00,coding
1834,8,2025-03-08 02:29:00,coding
1835,72,2025-09-11 06:53:00,health
1836,129,2025-06-26 02:09:00,news
1837,26,2025-01-11 04:23:00,news
1838,50,2025-07-25 05:48:00,coding
1839,138,2025-01-04 03:39:00,shopping
1840,55,2025-12-12 16:15:00,health
1841,48,2025-11-17 03:43:00,shopping
1842,47,2025-09-16 08:58:00,relationships
1843,132,2025-06-15 16:47:00,relationships
1844,81,2025-04-01 00:20:00,relationships
1845,35,2025-12-28 01:00:00,health
1846,143,2025-01-30 13:41:00,homework
1847,30,2025-10-08 04:32:00,health
1848,189,2025-08-16 04:42:00,shopping
1849,114,2025-06-14 11:25:00,news
1850,110,2025-05-18 11:15:00,homework
1851,,2025-09-25 13:30:00,coding
1852,173,2025-12-25 00:10:00,shopping
1853,113,2025-03-03 21:35:00,homework
1854,103,2025-03-16 01:43:00,shopping
1855,44,2025-02-17 02:53:00,health
1856,87,2025-05-26 19:51:00,news
1857,104,2025-03-31 09:25:00,coding
1858,186,2025-12-30 10:34:00,health
1859,197,2025-07-18 18:32:00,shopping
1860,92,2025-12-13 11:40:00,shopping
1861,104,2025-12-19 19:49:00,news
1862,197,2025-11-28 01:19:00,homework
1863,126,2025-12-29 02:29:00,coding
1864,35,2025-01-22 15:27:00,homework
1865,18,2025-12-29 17:32:00,shopping
1866,46,2025-10-06 14:59:00,news
1867,40,2025-08-09 10:59:00,news
1868,195,2025-02-25 17:14:00,shopping
1869,197,2025-12-25 09:36:00,relationships
1870,170,2025-12-29 13:24:00,relationships
1871,139,2025-09-08 05:07:00,news
1872,196,2025-01-24 00:13:00,relationships
1873,31,2025-10-07 08:25:00,relationships
1874,97,2025-11-19 06:13:00,relationships
1875,46,2025-08-09 16:05:00,shopping
1876,111,2025-04-08 22:21:00,health
1877,125,2025-03-21 15:35:00,news
1878,169,2025-12-09 02:40:00,relationships
1879,41,2025-02-10 14:04:00,relationships
1880,152,2025-10-03 02:29:00,news
1881,197,2025-07-27 02:54:00,health
1882,152,2025-02-02 20:30:00,coding
1883,90,2025-01-20 14:06:00,shopping
1884,25,2025-11-08 18:25:00,health
1885,106,2025-09-13 18:52:00,homework
1886,64,2025-06-20 20:19:00,shopping
1887,22,2025-02-17 16:41:00,health
1888,44,2025-01-15 08:29:00,news
1889,118,2025-11-04 15:15:00,news
1890,108,2025-07-14 03:30:00,homework
1891,151,2025-01-17 04:36:00,health
1892,100,2025-08-23 18:43:00,news
1893,126,2025-03-14 20:37:00,shopping
1894,87,2025-12-28 17:00:00,news
1895,171,2025-09-05 05:52:00,coding
1896,94,2025-11-14 11:29:00,coding
1897,20,2025-06-05 21:19:00,health
1898,77,2025-10-20 17:56:00,coding
1899,24,2025-03-10 23:35:00,news
1900,18,2025-12-13 01:55:00,relationships
1901,20,2025-08-08 19:09:00,news
1902,111,2025-08-17 04:14:00,coding
1903,65,2025-11-27 00:44:00,shopping
1904,47,2025-01-14 13:06:00,shopping
1905,48,2025-12-30 12:12:00,coding
1906,191,2025-12-07 06:34:00,health
1907,137,2025-11-12 19:53:00,news
1908,16,2025-05-27 02:34:00,health
1909,62,2025-04-20 13:42:00,shopping
1910,77,2025-11-14 00:58:00,relationships
1911,17,2025-05-29 05:26:00,relationships
1912,74,2025-04-27 22:24:00,health
1913,61,2025-10-23 13:01:00,coding
1914,50,2025-01-21 04:09:00,coding
1915,80,2025-12-04 23:46:00,relationships
1916,112,2025-11-04 07:19:00,shopping
1917,52,2025-04-27 00:59:00,health
1918,67,2025-07-22 06:25:00,shopping
1919,165,2025-01-31 18:03:00,shopping
1920,6,2025-02-10 06:54:00,homework
1921,77,2025-02-16 07:10:00,relationships
1922,172,2025-03-07 18:13:00,relationships
1923,186,2025-04-13 08:28:00,coding
1924,189,2025-12-31 06:28:00,homework
1925,149,2025-07-03 08:39:00,relationships
1926,61,2025-03-31 00:56:00,health
1927,150,2025-10-11 22:52:00,shopping
1928,109,2025-06-08 17:58:00,coding
1929,55,2025-07-19 22:03:00,relationships
1930,151,2025-02-10 17:22:00,relationships
1931,180,2025-03-24 06:08:00,health
1932,122,2025-06-29 09:13:00,health
1933,38,2025-09-22 07:51:00,relationships
1934,79,2025-01-16 08:17:00,shopping
1935,156,2025-01-26 08:20:00,shopping
1936,14,2025-06-24 12:38:00,health
1937,80,2025-09-22 05:21:00,shopping
1938,,2025-11-19 03:32:00,relationships
1939,101,2025-07-06 01:46:00,health
1940,194,2025-06-21 10:58:00,health
1941,42,2025-11-16 13:23:00,shopping
1942,197,2025-10-23 20:24:00,homework
1943,21,2025-12-25 00:56:00,relationships
1944,86,2025-11-04 13:22:00,homework
1945,179,2025-07-10 00:46:00,news
1946,108,2025-08-26 22:41:00,relationships
1947,196,2025-02-07 22:29:00,shopping
1948,162,2025-11-19 21:03:00,shopping
1949,103,2025-05-26 16:34:00,shopping
1950,148,2025-03-01 21:06:00,homework
1951,133,2025-04-05 17:32:00,news
1952,82,2025-11-25 18:21:00,relationships
1953,35,2025-07-09 19:42:00,coding
1954,84,2025-07-25 04:45:00,coding
1955,95,2025-05-13 10:44:00,relationships
1956,147,2025-06-13 11:11:00,homework
1957,143,2025-06-16 12:56:00,homework
1958,51,2025-07-10 14:59:00,shopping
1959,13,2025-10-20 00:35:00,news
1960,67,2025-04-19 16:21:00,homework
1961,44,2025-03-27 10:50:00,homework
1962,112,2025-11-27 09:07:00,shopping
1963,58,2025-05-28 22:13:00,coding
1964,69,2025-07-29 16:30:00,shopping
1965,34,2025-11-11 01:39:00,coding
1966,73,2025-05-18 21:21:00,relationships
1967,38,2025-01-21 22:50:00,health
1968,61,2025-11-25 09:23:00,coding
1969,,2025-11-30 14:59:00,homework
1970,35,2025-08-24 09:07:00,shopping
1971,55,2025-10-07 06:04:00,shopping
1972,153,2025-07-06 13:52:00,homework
1973,16,2025-02-07 22:44:00,health
1974,121,2025-09-15 23:52:00,news
1975,154,2025-02-03 03:22:00,homework
1976,159,2025-10-05 09:22:00,health
1977,172,2025-09-28 01:58:00,coding
1978,144,2025-01-30 22:42:00,news
1979,44,2025-12-25 21:00:00,health
1980,34,2025-03-07 06:42:00,health
1981,111,2025-04-14 06:03:00,health
1982,12,2025-04-04 02:42:00,relationships
1983,72,2025-09-20 13:48:00,relationships
1984,68,2025-07-12 01:30:00,news
1985,43,2025-08-18 18:30:00,shopping
1986,196,2025-04-21 03:32:00,news
1987,169,2025-11-17 09:22:00,homework
1988,14,2025-06-17 09:06:00,coding
1989,67,2025-04-30 02:19:00,shopping
1990,30,2025-12-27 09:11:00,homework
1991,182,2025-12-20 07:28:00,relationships
1992,185,2025-04-18 19:25:00,homework
1993,53,2025-07-26 21:17:00,coding
1994,192,2025-07-18 15:22:00,news
1995,150,2025-06-04 15:53:00,news
1996,2,2025-05-12 11:40:00,relationships
1997,64,2025-12-29 17:07:00,shopping
1998,85,2025-01-19 21:43:00,health
1999,175,2025-03-30 19:56:00,relationships
2000,28,2025-08-24 14:14:00,coding
