user_id,signup_date,country,plan
1,2025-11-24,US,free
2,2025-05-21,CA,free
3,2025-03-13,PH,free
4,2025-12-13,PH,free
5,2025-10-30,UK,free
6,2025-01-16,US,free
7,2025-04-30,IN,free
8,2025-10-15,CA,pro
9,2025-04-23,UK,pro
10,2025-01-04,CA,pro
11,2025-06-24,MX,free
12,2025-04-21,MX,free
13,2025-02-17,UK,free
14,2025-07-03,MX,pro
15,2025-01-23,PH,pro
16,2025-10-02,US,pro
17,2025-02-10,IN,pro
18,2025-11-18,IN,pro
19,2025-10-23,CA,free
20,2025-01-24,PH,free
21,2025-05-29,US,free
22,2025-02-21,UK,pro
23,2025-08-21,PH,pro
24,2025-03-25,MX,pro
25,2025-04-18,PH,pro
26,2025-12-26,PH,free
27,2025-11-08,PH,free
28,2025-10-01,PH,free
29,2025-03-25,UK,pro
30,2025-05-19,PH,free
31,2025-12-17,MX,free
32,2025-04-28,US,pro
33,2025-07-25,MX,free
34,2025-04-19,IN,pro
35,2025-04-19,PH,pro
36,2025-07-22,PH,pro
37,2025-03-15,MX,free
38,2025-05-07,PH,pro
39,2025-10-27,UK,pro
40,2025-07-05,CA,free
41,2025-09-18,UK,free
42,2025-01-25,US,free
43,2025-11-18,CA,pro
44,2025-11-02,US,pro
45,2025-07-15,IN,pro
46,2025-09-28,MX,free
47,2025-12-15,PH,free
48,2025-12-16,IN,pro
49,2025-11-25,MX,free
50,2025-05-31,UK,free
51,2025-08-21,US,pro
52,2025-09-14,CA,free
53,2025-11-17,MX,free
54,2025-03-20,MX,free
55,2025-10-04,IN,free
56,2025-11-03,MX,pro
57,2025-01-10,US,pro
58,2025-06-07,CA,free
59,2025-05-04,IN,free
60,2025-02-13,PH,pro
61,2025-02-05,IN,free
62,2025-03-07,PH,pro
63,2025-10-09,CA,pro
64,2025-09-28,IN,pro
65,2025-04-19,IN,free
66,2025-06-09,UK,pro
67,2025-08-13,IN,pro
68,2025-03-03,CA,free
69,2025-02-02,MX,free
70,2025-10-29,IN,free
71,2025-10-29,CA,free
72,2025-02-06,PH,free
73,2025-04-28,US,free
74,2025-06-19,US,free
75,2025-05-23,PH,pro
76,2025-04-20,IN,free
77,2025-10-20,IN,pro
78,2025-05-05,UK,pro
79,2025-04-08,US,free
80,2025-12-04,UK,pro
81,2025-08-05,UK,pro
82,2025-01-28,PH,free
83,2025-02-01,UK,pro
84,2025-02-25,CA,free
85,2025-04-08,IN,pro
86,2025-03-13,UK,free
87,2025-05-23,UK,free
88,2025-02-08,UK,free
89,2025-01-26,PH,free
90,2025-02-17,CA,free
91,2025-07-28,UK,pro
92,2025-04-20,UK,free
93,2025-03-26,UK,free
94,2025-07-19,MX,pro
95,2025-05-27,UK,pro
96,2025-03-21,CA,pro
97,2025-04-22,US,free
98,2025-06-10,US,free
99,2025-10-27,UK,free
100,2025-01-30,IN,free
101,2025-04-06,US,free
102,2025-12-12,CA,pro
103,2025-03-03,IN,free
104,2025-10-24,IN,free
105,2025-11-14,US,pro
106,2025-12-03,IN,pro
107,2025-05-14,CA,pro
108,2025-05-03,MX,pro
109,2025-03-09,PH,pro
110,2025-08-23,MX,free
111,2025-01-05,UK,free
112,2025-02-07,IN,free
113,2025-09-17,MX,free
114,2025-06-28,US,free
115,2025-07-09,MX,free
116,2025-08-13,IN,pro
117,2025-11-10,PH,free
118,2025-12-08,IN,pro
119,2025-12-06,US,free
120,2025-05-16,US,free
121,2025-10-11,CA,pro
122,2025-05-25,IN,free
123,2025-06-25,CA,pro
124,2025-09-16,UK,pro
125,2025-01-27,US,pro
126,2025-05-22,US,free
127,2025-06-20,CA,pro
128,2025-03-24,PH,pro
129,2025-10-10,PH,pro
130,2025-10-15,US,free
131,2025-02-08,PH,free
132,2025-10-07,US,pro
133,2025-10-26,IN,free
134,2025-08-09,CA,free
135,2025-06-07,MX,free
136,2025-07-03,CA,free
137,2025-12-08,US,pro
138,2025-10-14,UK,free
139,2025-05-02,CA,free
140,2025-07-31,US,free
141,2025-06-20,UK,free
142,2025-05-17,CA,free
143,2025-07-15,US,pro
144,2025-04-24,CA,pro
145,2025-06-29,MX,free
146,2025-04-25,US,free
147,2025-07-24,MX,pro
148,2025-02-05,MX,pro
149,2025-11-25,IN,pro
150,2025-12-14,IN,pro
151,2025-01-15,US,pro
152,2025-04-02,IN,pro
153,2025-01-20,US,pro
154,2025-06-26,PH,pro
155,2025-08-12,IN,free
156,2025-07-17,IN,free
157,2025-05-11,US,pro
158,2025-01-01,IN,free
159,2025-07-06,UK,free
160,2025-12-07,MX,pro
161,2025-12-06,US,pro
162,2025-09-17,MX,pro
163,2025-06-17,UK,pro
164,2025-10-11,CA,free
165,2025-08-04,PH,pro
166,2025-12-13,PH,free
167,2025-11-12,IN,pro
168,2025-07-27,IN,free
169,2025-06-05,MX,free
170,2025-08-09,IN,pro
171,2025-08-27,UK,pro
172,2025-12-12,CA,pro
173,2025-03-28,PH,free
174,2025-05-26,IN,pro
175,2025-02-17,CA,pro
176,2025-04-26,CA,free
177,2025-01-13,US,free
178,2025-09-01,IN,free
179,2025-08-22,UK,free
180,2025-12-23,UK,pro
181,2025-07-24,CA,free
182,2025-12-02,PH,free
183,2025-02-24,UK,free
184,2025-04-01,PH,pro
185,2025-01-26,IN,free
186,2025-03-04,UK,free
187,2025-08-26,PH,pro
188,2025-08-15,IN,pro
189,2025-10-08,UK,free
190,2025-09-01,UK,pro
191,2025-05-07,PH,pro
192,2025-09-24,UK,free
193,2025-05-21,UK,free
194,2025-05-27,CA,pro
195,2025-06-21,MX,free
196,2025-03-12,CA,free
197,2025-07-16,PH,free
198,2025-12-28,CA,free
199,2025-08-01,UK,pro
200,2025-10-05,UK,pro
